,Year,Ceremony,Award,Winner,title,production
1486,1944,17,Best Motion Picture,0,Double Indemnity ,Paramount
1487,1944,17,Best Motion Picture,0,Gaslight ,Metro-Goldwyn-Mayer
1488,1944,17,Best Motion Picture,1,Going My Way ,Paramount
1489,1944,17,Best Motion Picture,0,Since You Went Away ,Selznick International Pictures
1490,1944,17,Best Motion Picture,0,Wilson ,20th Century-Fox
1644,1945,18,Best Motion Picture,0,Anchors Aweigh ,Metro-Goldwyn-Mayer
1645,1945,18,Best Motion Picture,0,The Bells of St. Mary's ,Rainbow Productions
1646,1945,18,Best Motion Picture,1,The Lost Weekend ,Paramount
1647,1945,18,Best Motion Picture,0,Mildred Pierce ,Warner Brothers
1648,1945,18,Best Motion Picture,0,Spellbound ,Selznick International Pictures
1762,1946,19,Best Motion Picture,1,The Best Years of Our Lives ,Samuel Goldwyn Productions
1763,1946,19,Best Motion Picture,0,Henry V ,J. Arthur Rank-Two Cities Films
1764,1946,19,Best Motion Picture,0,It's a Wonderful Life ,Liberty Films
1765,1946,19,Best Motion Picture,0,The Razor's Edge ,20th Century-Fox
1766,1946,19,Best Motion Picture,0,The Yearling ,Metro-Goldwyn-Mayer
1867,1947,20,Best Motion Picture,0,The Bishop's Wife ,Samuel Goldwyn Productions
1868,1947,20,Best Motion Picture,0,Crossfire ,RKO Radio
1869,1947,20,Best Motion Picture,1,Gentleman's Agreement ,20th Century-Fox
1870,1947,20,Best Motion Picture,0,Great Expectations ,J. Arthur Rank-Cineguild
1871,1947,20,Best Motion Picture,0,Miracle on 34th Street ,20th Century-Fox
1978,1948,21,Best Motion Picture,1,Hamlet ,J. Arthur Rank-Two Cities Films
1979,1948,21,Best Motion Picture,0,Johnny Belinda ,Warner Brothers
1980,1948,21,Best Motion Picture,0,The Red Shoes ,J. Arthur Rank-Archers
1981,1948,21,Best Motion Picture,0,The Snake Pit ,20th Century-Fox
1982,1948,21,Best Motion Picture,0,The Treasure of the Sierra Madre ,Warner Brothers
2087,1949,22,Best Motion Picture,1,All the King's Men ,Robert Rossen Productions
2088,1949,22,Best Motion Picture,0,Battleground ,Metro-Goldwyn-Mayer
2089,1949,22,Best Motion Picture,0,The Heiress ,Paramount
2090,1949,22,Best Motion Picture,0,A Letter to Three Wives ,20th Century-Fox
2091,1949,22,Best Motion Picture,0,Twelve O'Clock High ,20th Century-Fox
2204,1950,23,Best Motion Picture,1,All about Eve ,20th Century-Fox
2205,1950,23,Best Motion Picture,0,Born Yesterday ,Columbia
2206,1950,23,Best Motion Picture,0,Father of the Bride ,Metro-Goldwyn-Mayer
2207,1950,23,Best Motion Picture,0,King Solomon's Mines ,Metro-Goldwyn-Mayer
2208,1950,23,Best Motion Picture,0,Sunset Blvd. ,Paramount
2324,1951,24,Best Motion Picture,1,An American in Paris ,"Arthur Freed, Producer"
2325,1951,24,Best Motion Picture,0,Decision before Dawn ,"Anatole Litvak and Frank McCarthy, Producers"
2326,1951,24,Best Motion Picture,0,A Place in the Sun ,"George Stevens, Producer"
2327,1951,24,Best Motion Picture,0,Quo Vadis ,"Sam Zimbalist, Producer"
2328,1951,24,Best Motion Picture,0,A Streetcar Named Desire ,"Charles K. Feldman, Producer"
2444,1952,25,Best Motion Picture,1,The Greatest Show on Earth ,"Cecil B. DeMille, Producer"
2445,1952,25,Best Motion Picture,0,High Noon ,"Stanley Kramer, Producer"
2446,1952,25,Best Motion Picture,0,Ivanhoe ,"Pandro S. Berman, Producer"
2447,1952,25,Best Motion Picture,0,Moulin Rouge ,Romulus Films
2448,1952,25,Best Motion Picture,0,The Quiet Man ,"John Ford and Merian C. Cooper, Producers"
2574,1953,26,Best Motion Picture,1,From Here to Eternity ,"Buddy Adler, Producer"
2575,1953,26,Best Motion Picture,0,Julius Caesar ,"John Houseman, Producer"
2576,1953,26,Best Motion Picture,0,The Robe ,"Frank Ross, Producer"
2577,1953,26,Best Motion Picture,0,Roman Holiday ,"William Wyler, Producer"
2578,1953,26,Best Motion Picture,0,Shane ,"George Stevens, Producer"
2700,1954,27,Best Motion Picture,0,The Caine Mutiny ,"Stanley Kramer, Producer"
2701,1954,27,Best Motion Picture,0,The Country Girl ,"William Perlberg, Producer"
2702,1954,27,Best Motion Picture,1,On the Waterfront ,"Sam Spiegel, Producer"
2703,1954,27,Best Motion Picture,0,Seven Brides for Seven Brothers ,"Jack Cummings, Producer"
2704,1954,27,Best Motion Picture,0,Three Coins in the Fountain ,"Sol C. Siegel, Producer"
2827,1955,28,Best Motion Picture,0,Love Is a Many-Splendored Thing ,"Buddy Adler, Producer"
2828,1955,28,Best Motion Picture,1,Marty ,"Harold Hecht, Producer"
2829,1955,28,Best Motion Picture,0,Mister Roberts ,"Leland Hayward, Producer"
2830,1955,28,Best Motion Picture,0,Picnic ,"Fred Kohlmar, Producer"
2831,1955,28,Best Motion Picture,0,The Rose Tattoo ,"Hal B. Wallis, Producer"
2957,1956,29,Best Motion Picture,1,Around the World in 80 Days ,"Michael Todd, Producer"
2958,1956,29,Best Motion Picture,0,Friendly Persuasion ,"William Wyler, Producer"
2959,1956,29,Best Motion Picture,0,Giant ,"George Stevens and Henry Ginsberg, Producers"
2960,1956,29,Best Motion Picture,0,The King and I ,"Charles Brackett, Producer"
2961,1956,29,Best Motion Picture,0,The Ten Commandments ,"Cecil B. DeMille, Producer"
3060,1957,30,Best Motion Picture,1,The Bridge on the River Kwai ,"Sam Spiegel, Producer"
3061,1957,30,Best Motion Picture,0,Peyton Place ,"Jerry Wald, Producer"
3062,1957,30,Best Motion Picture,0,Sayonara ,"William Goetz, Producer"
3063,1957,30,Best Motion Picture,0,12 Angry Men ,"Henry Fonda and Reginald Rose, Producers"
3064,1957,30,Best Motion Picture,0,Witness for the Prosecution ,"Arthur Hornblow, Jr., Producer"
3176,1958,31,Best Motion Picture,0,Auntie Mame ,Warner Brothers
3177,1958,31,Best Motion Picture,0,Cat on a Hot Tin Roof ,"Lawrence Weingarten, Producer"
3178,1958,31,Best Motion Picture,0,The Defiant Ones ,"Stanley Kramer, Producer"
3179,1958,31,Best Motion Picture,1,Gigi ,"Arthur Freed, Producer"
3180,1958,31,Best Motion Picture,0,Separate Tables ,"Harold Hecht, Producer"
3293,1959,32,Best Motion Picture,0,Anatomy of a Murder ,"Otto Preminger, Producer"
3294,1959,32,Best Motion Picture,1,Ben-Hur ,"Sam Zimbalist, Producer"
3295,1959,32,Best Motion Picture,0,The Diary of Anne Frank ,"George Stevens, Producer"
3296,1959,32,Best Motion Picture,0,The Nun's Story ,"Henry Blanke, Producer"
3297,1959,32,Best Motion Picture,0,Room at the Top ,"John Woolf and James Woolf, Producers"
3414,1960,33,Best Motion Picture,0,The Alamo ,"John Wayne, Producer"
3415,1960,33,Best Motion Picture,1,The Apartment ,"Billy Wilder, Producer"
3416,1960,33,Best Motion Picture,0,Elmer Gantry ,"Bernard Smith, Producer"
3417,1960,33,Best Motion Picture,0,Sons and Lovers ,"Jerry Wald, Producer"
3418,1960,33,Best Motion Picture,0,The Sundowners ,"Fred Zinnemann, Producer"
3536,1961,34,Best Motion Picture,0,Fanny ,"Joshua Logan, Producer"
3537,1961,34,Best Motion Picture,0,The Guns of Navarone ,"Carl Foreman, Producer"
3538,1961,34,Best Motion Picture,0,The Hustler ,"Robert Rossen, Producer"
3539,1961,34,Best Motion Picture,0,Judgment at Nuremberg ,"Stanley Kramer, Producer"
3540,1961,34,Best Motion Picture,1,West Side Story ,"Robert Wise, Producer"
3658,1962,35,Best Picture,1,Lawrence of Arabia ,"Sam Spiegel, Producer"
3659,1962,35,Best Picture,0,The Longest Day ,"Darryl F. Zanuck, Producer"
3660,1962,35,Best Picture,0,Meredith Willson's The Music Man ,"Morton Da Costa, Producer"
3661,1962,35,Best Picture,0,Mutiny on the Bounty ,"Aaron Rosenberg, Producer"
3662,1962,35,Best Picture,0,To Kill a Mockingbird ,"Alan J. Pakula, Producer"
3780,1963,36,Best Picture,0,America America ,"Elia Kazan, Producer"
3781,1963,36,Best Picture,0,Cleopatra ,"Walter Wanger, Producer"
3782,1963,36,Best Picture,0,How the West Was Won ,"Bernard Smith, Producer"
3783,1963,36,Best Picture,0,Lilies of the Field ,"Ralph Nelson, Producer"
3784,1963,36,Best Picture,1,Tom Jones ,"Tony Richardson, Producer"
3905,1964,37,Best Picture,0,Becket ,"Hal B. Wallis, Producer"
3906,1964,37,Best Picture,0,Dr. Strangelove or: How I Learned to Stop Worrying and Love the Bomb ,"Stanley Kubrick, Producer"
3907,1964,37,Best Picture,0,Mary Poppins ,"Walt Disney and Bill Walsh, Producers"
3908,1964,37,Best Picture,1,My Fair Lady ,"Jack L. Warner, Producer"
3909,1964,37,Best Picture,0,Zorba the Greek ,"Michael Cacoyannis, Producer"
4027,1965,38,Best Picture,0,Darling ,"Joseph Janni, Producer"
4028,1965,38,Best Picture,0,Doctor Zhivago ,"Carlo Ponti, Producer"
4029,1965,38,Best Picture,0,Ship of Fools ,"Stanley Kramer, Producer"
4030,1965,38,Best Picture,1,The Sound of Music ,"Robert Wise, Producer"
4031,1965,38,Best Picture,0,A Thousand Clowns ,"Fred Coe, Producer"
4152,1966,39,Best Picture,0,Alfie ,"Lewis Gilbert, Producer"
4153,1966,39,Best Picture,1,A Man for All Seasons ,"Fred Zinnemann, Producer"
4154,1966,39,Best Picture,0,The Russians Are Coming The Russians Are Coming ,"Norman Jewison, Producer"
4155,1966,39,Best Picture,0,The Sand Pebbles ,"Robert Wise, Producer"
4156,1966,39,Best Picture,0,Who's Afraid of Virginia Woolf? ,"Ernest Lehman, Producer"
4261,1967,40,Best Picture,0,Bonnie and Clyde ,"Warren Beatty, Producer"
4262,1967,40,Best Picture,0,Doctor Dolittle ,"Arthur P. Jacobs, Producer"
4263,1967,40,Best Picture,0,The Graduate ,"Lawrence Turman, Producer"
4264,1967,40,Best Picture,0,Guess Who's Coming to Dinner ,"Stanley Kramer, Producer"
4265,1967,40,Best Picture,1,In the Heat of the Night ,"Walter Mirisch, Producer"
4370,1968,41,Best Picture,0,Funny Girl ,"Ray Stark, Producer"
4371,1968,41,Best Picture,0,The Lion in Winter ,"Martin Poll, Producer"
4372,1968,41,Best Picture,1,Oliver! ,"John Woolf, Producer"
4373,1968,41,Best Picture,0,"Rachel, Rachel ","Paul Newman, Producer"
4374,1968,41,Best Picture,0,Romeo and Juliet ,"Anthony Havelock-Allan and John Brabourne, Producers"
4478,1969,42,Best Picture,0,Anne of the Thousand Days ,"Hal B. Wallis, Producer"
4479,1969,42,Best Picture,0,Butch Cassidy and the Sundance Kid ,"John Foreman, Producer"
4480,1969,42,Best Picture,0,"Hello, Dolly! ","Ernest Lehman, Producer"
4481,1969,42,Best Picture,1,Midnight Cowboy ,"Jerome Hellman, Producer"
4482,1969,42,Best Picture,0,Z ,"Jacques Perrin and Hamed Rachedi, Producers"
4583,1970,43,Best Picture,0,Airport ,"Ross Hunter, Producer"
4584,1970,43,Best Picture,0,Five Easy Pieces ,"Bob Rafelson and Richard Wechsler, Producers"
4585,1970,43,Best Picture,0,Love Story ,"Howard G. Minsky, Producer"
4586,1970,43,Best Picture,1,MASH,"Ingo Preminger, Producer"
4587,1970,43,Best Picture,1,Patton ,"Frank McCarthy, Producer"
4690,1971,44,Best Picture,0,A Clockwork Orange ,"Stanley Kubrick, Producer"
4691,1971,44,Best Picture,0,Fiddler on the Roof ,"Norman Jewison, Producer"
4692,1971,44,Best Picture,1,The French Connection ,"Philip D'Antoni, Producer"
4693,1971,44,Best Picture,0,The Last Picture Show ,"Stephen J. Friedman, Producer"
4694,1971,44,Best Picture,0,Nicholas and Alexandra ,"Sam Spiegel, Producer"
4793,1972,45,Best Picture,0,Cabaret ,"Cy Feuer, Producer"
4794,1972,45,Best Picture,0,Deliverance ,"John Boorman, Producer"
4795,1972,45,Best Picture,0,The Emigrants ,"Bengt Forslund, Producer"
4796,1972,45,Best Picture,1,The Godfather ,"Albert S. Ruddy, Producer"
4797,1972,45,Best Picture,0,Sounder ,"Robert B. Radnitz, Producer"
4896,1973,46,Best Picture,0,American Graffiti ,"Francis Ford Coppola, Producer; Gary Kurtz, Co-Producer"
4897,1973,46,Best Picture,0,Cries and Whispers ,"Ingmar Bergman, Producer"
4898,1973,46,Best Picture,0,The Exorcist ,"William Peter Blatty, Producer"
4899,1973,46,Best Picture,1,The Sting ,"Tony Bill, Michael Phillips and Julia Phillips, Producers"
4900,1973,46,Best Picture,0,A Touch of Class ,"Melvin Frank, Producer"
4999,1974,47,Best Picture,0,Chinatown ,"Robert Evans, Producer"
5000,1974,47,Best Picture,0,The Conversation ,"Francis Ford Coppola, Producer; Fred Roos, Co-Producer"
5001,1974,47,Best Picture,1,The Godfather Part II ,"Francis Ford Coppola, Producer; Gray Frederickson and Fred Roos, Co-Producers"
5002,1974,47,Best Picture,0,Lenny ,"Marvin Worth, Producer"
5003,1974,47,Best Picture,0,The Towering Inferno ,"Irwin Allen, Producer"
5106,1975,48,Best Picture,0,Barry Lyndon ,"Stanley Kubrick, Producer"
5107,1975,48,Best Picture,0,Dog Day Afternoon ,"Martin Bregman and Martin Elfand, Producers"
5108,1975,48,Best Picture,0,Jaws ,"Richard D. Zanuck and David Brown, Producers"
5109,1975,48,Best Picture,0,Nashville ,"Robert Altman, Producer"
5110,1975,48,Best Picture,1,One Flew over the Cuckoo's Nest ,"Saul Zaentz and Michael Douglas, Producers"
5213,1976,49,Best Picture,0,All the President's Men ,"Walter Coblenz, Producer"
5214,1976,49,Best Picture,0,Bound for Glory ,"Robert F. Blumofe and Harold Leventhal, Producers"
5215,1976,49,Best Picture,0,Network ,"Howard Gottfried, Producer"
5216,1976,49,Best Picture,1,Rocky ,"Irwin Winkler and Robert Chartoff, Producers"
5217,1976,49,Best Picture,0,Taxi Driver ,"Michael Phillips and Julia Phillips, Producers"
5317,1977,50,Best Picture,1,Annie Hall ,"Charles H. Joffe, Producer"
5318,1977,50,Best Picture,0,The Goodbye Girl ,"Ray Stark, Producer"
5319,1977,50,Best Picture,0,Julia ,"Richard Roth, Producer"
5320,1977,50,Best Picture,0,Star Wars ,"Gary Kurtz, Producer"
5321,1977,50,Best Picture,0,The Turning Point ,"Herbert Ross and Arthur Laurents, Producers"
5428,1978,51,Best Picture,0,Coming Home ,"Jerome Hellman, Producer"
5429,1978,51,Best Picture,1,The Deer Hunter ,"Barry Spikings, Michael Deeley, Michael Cimino and John Peverall, Producers"
5430,1978,51,Best Picture,0,Heaven Can Wait ,"Warren Beatty, Producer"
5431,1978,51,Best Picture,0,Midnight Express ,"Alan Marshall and David Puttnam, Producers"
5432,1978,51,Best Picture,0,An Unmarried Woman ,"Paul Mazursky and Tony Ray, Producers"
5537,1979,52,Best Picture,0,All That Jazz ,"Robert Alan Aurthur, Producer"
5538,1979,52,Best Picture,0,Apocalypse Now ,"Francis Coppola, Producer; Fred Roos, Gray Frederickson and Tom Sternberg, Co-Producers"
5539,1979,52,Best Picture,0,Breaking Away ,"Peter Yates, Producer"
5540,1979,52,Best Picture,1,Kramer vs. Kramer ,"Stanley R. Jaffe, Producer"
5541,1979,52,Best Picture,0,Norma Rae ,"Tamara Asseyev and Alex Rose, Producers"
5648,1980,53,Best Picture,0,Coal Miner's Daughter ,"Bernard Schwartz, Producer"
5649,1980,53,Best Picture,0,The Elephant Man ,"Jonathan Sanger, Producer"
5650,1980,53,Best Picture,1,Ordinary People ,"Ronald L. Schwary, Producer"
5651,1980,53,Best Picture,0,Raging Bull ,"Irwin Winkler and Robert Chartoff, Producers"
5652,1980,53,Best Picture,0,Tess ,"Claude Berri, Producer; Timothy Burrill, Co-Producer"
5749,1981,54,Best Picture,0,Atlantic City ,"Denis Heroux and John Kemeny, Producers"
5750,1981,54,Best Picture,1,Chariots of Fire ,"David Puttnam, Producer"
5751,1981,54,Best Picture,0,On Golden Pond ,"Bruce Gilbert, Producer"
5752,1981,54,Best Picture,0,Raiders of the Lost Ark ,"Frank Marshall, Producer"
5753,1981,54,Best Picture,0,Reds ,"Warren Beatty, Producer"
5857,1982,55,Best Picture,0,E.T. The Extra-Terrestrial ,"Steven Spielberg and Kathleen Kennedy, Producers"
5858,1982,55,Best Picture,1,Gandhi ,"Richard Attenborough, Producer"
5859,1982,55,Best Picture,0,Missing ,"Edward Lewis and Mildred Lewis, Producers"
5860,1982,55,Best Picture,0,Tootsie ,"Sydney Pollack and Dick Richards, Producers"
5861,1982,55,Best Picture,0,The Verdict ,"Richard D. Zanuck and David Brown, Producers"
5967,1983,56,Best Picture,0,The Big Chill ,"Michael Shamberg, Producer"
5968,1983,56,Best Picture,0,The Dresser ,"Peter Yates, Producer"
5969,1983,56,Best Picture,0,The Right Stuff ,"Irwin Winkler and Robert Chartoff, Producers"
5970,1983,56,Best Picture,0,Tender Mercies ,"Philip S. Hobel, Producer"
5971,1983,56,Best Picture,1,Terms of Endearment ,"James L. Brooks, Producer"
6075,1984,57,Best Picture,1,Amadeus ,"Saul Zaentz, Producer"
6076,1984,57,Best Picture,0,The Killing Fields ,"David Puttnam, Producer"
6077,1984,57,Best Picture,0,A Passage to India ,"John Brabourne and Richard Goodwin, Producers"
6078,1984,57,Best Picture,0,Places in the Heart ,"Arlene Donovan, Producer"
6079,1984,57,Best Picture,0,A Soldier's Story ,"Norman Jewison, Ronald L. Schwary and Patrick Palmer, Producers"
6182,1985,58,Best Picture,0,The Color Purple ,"Steven Spielberg, Kathleen Kennedy, Frank Marshall and Quincy Jones, Producers"
6183,1985,58,Best Picture,0,Kiss of the Spider Woman ,"David Weisman, Producer"
6184,1985,58,Best Picture,1,Out of Africa ,"Sydney Pollack, Producer"
6185,1985,58,Best Picture,0,Prizzi's Honor ,"John Foreman, Producer"
6186,1985,58,Best Picture,0,Witness ,"Edward S. Feldman, Producer"
6291,1986,59,Best Picture,0,Children of a Lesser God ,"Burt Sugarman and Patrick Palmer, Producers"
6292,1986,59,Best Picture,0,Hannah and Her Sisters ,"Robert Greenhut, Producer"
6293,1986,59,Best Picture,0,The Mission ,"Fernando Ghia and David Puttnam, Producers"
6294,1986,59,Best Picture,1,Platoon ,"Arnold Kopelson, Producer"
6295,1986,59,Best Picture,0,A Room with a View ,"Ismail Merchant, Producer"
6398,1987,60,Best Picture,0,Broadcast News ,"James L. Brooks, Producer"
6399,1987,60,Best Picture,0,Fatal Attraction ,"Stanley R. Jaffe and Sherry Lansing, Producers"
6400,1987,60,Best Picture,0,Hope and Glory ,"John Boorman, Producer"
6401,1987,60,Best Picture,1,The Last Emperor ,"Jeremy Thomas, Producer"
6402,1987,60,Best Picture,0,Moonstruck ,"Patrick Palmer and Norman Jewison, Producers"
6500,1988,61,Best Picture,0,The Accidental Tourist ,"Lawrence Kasdan, Charles Okun and Michael Grillo, Producers"
6501,1988,61,Best Picture,0,Dangerous Liaisons ,"Norma Heyman and Hank Moonjean, Producers"
6502,1988,61,Best Picture,0,Mississippi Burning ,"Frederick Zollo and Robert F. Colesberry, Producers"
6503,1988,61,Best Picture,1,Rain Man ,"Mark Johnson, Producer"
6504,1988,61,Best Picture,0,Working Girl ,"Douglas Wick, Producer"
6607,1989,62,Best Picture,0,Born on the Fourth of July ,"A. Kitman Ho and Oliver Stone, Producers"
6608,1989,62,Best Picture,0,Dead Poets Society ,"Steven Haft, Paul Junger Witt and Tony Thomas, Producers"
6609,1989,62,Best Picture,1,Driving Miss Daisy ,"Richard D. Zanuck and Lili Fini Zanuck, Producers"
6610,1989,62,Best Picture,0,Field of Dreams ,"Lawrence Gordon and Charles Gordon, Producers"
6611,1989,62,Best Picture,0,My Left Foot ,"Noel Pearson, Producer"
6716,1990,63,Best Picture,0,Awakenings ,"Walter F. Parkes and Lawrence Lasker, Producers"
6717,1990,63,Best Picture,1,Dances With Wolves ,"Jim Wilson and Kevin Costner, Producers"
6718,1990,63,Best Picture,0,Ghost ,"Lisa Weinstein, Producer"
6719,1990,63,Best Picture,0,"The Godfather, Part III ","Francis Ford Coppola, Producer"
6720,1990,63,Best Picture,0,Good Fellas ,"Irwin Winkler, Producer"
6828,1991,64,Best Picture,0,Beauty and the Beast ,"Don Hahn, Producer"
6829,1991,64,Best Picture,0,Bugsy ,"Mark Johnson, Barry Levinson and Warren Beatty, Producers"
6830,1991,64,Best Picture,0,JFK ,"A. Kitman Ho and Oliver Stone, Producers"
6831,1991,64,Best Picture,0,The Prince of Tides ,"Barbra Streisand and Andrew Karsch, Producers"
6832,1991,64,Best Picture,1,The Silence of the Lambs ,"Edward Saxon, Kenneth Utt and Ron Bozman, Producers"
6939,1992,65,Best Picture,0,The Crying Game ,"Stephen Woolley, Producer"
6940,1992,65,Best Picture,0,A Few Good Men ,"David Brown, Rob Reiner and Andrew Scheinman, Producers"
6941,1992,65,Best Picture,0,Howards End ,"Ismail Merchant, Producer"
6942,1992,65,Best Picture,0,Scent of a Woman ,"Martin Brest, Producer"
6943,1992,65,Best Picture,1,Unforgiven ,"Clint Eastwood, Producer"
7052,1993,66,Best Picture,0,The Fugitive ,"Arnold Kopelson, Producer"
7053,1993,66,Best Picture,0,In the Name of the Father ,"Jim Sheridan, Producer"
7054,1993,66,Best Picture,0,The Piano ,"Jan Chapman, Producer"
7055,1993,66,Best Picture,0,The Remains of the Day ,"Mike Nichols, John Calley and Ismail Merchant, Producers"
7056,1993,66,Best Picture,1,Schindler's List ,"Steven Spielberg, Gerald R. Molen and Branko Lustig, Producers"
7164,1994,67,Best Picture,1,Forrest Gump ,"Wendy Finerman, Steve Tisch and Steve Starkey, Producers"
7165,1994,67,Best Picture,0,Four Weddings and a Funeral ,"Duncan Kenworthy, Producer"
7166,1994,67,Best Picture,0,Pulp Fiction ,"Lawrence Bender, Producer"
7167,1994,67,Best Picture,0,Quiz Show ,"Robert Redford, Michael Jacobs, Julian Krainin and Michael Nozik, Producers"
7168,1994,67,Best Picture,0,The Shawshank Redemption ,"Niki Marvin, Producer"
7282,1995,68,Best Picture,0,Apollo 13 ,"Brian Grazer, Producer"
7283,1995,68,Best Picture,0,Babe ,"George Miller, Doug Mitchell and Bill Miller, Producers"
7284,1995,68,Best Picture,1,Braveheart ,"Mel Gibson, Alan Ladd, Jr. and Bruce Davey, Producers"
7285,1995,68,Best Picture,0,The Postman (Il Postino) ,"Mario Cecchi Gori, Vittorio Cecchi Gori and Gaetano Daniele, Producers"
7286,1995,68,Best Picture,0,Sense and Sensibility ,"Lindsay Doran, Producer"
7399,1996,69,Best Picture,1,The English Patient ,"Saul Zaentz, Producer"
7400,1996,69,Best Picture,0,Fargo ,"Ethan Coen, Producer"
7401,1996,69,Best Picture,0,Jerry Maguire ,"James L. Brooks, Laurence Mark, Richard Sakai and Cameron Crowe, Producers"
7402,1996,69,Best Picture,0,Secrets & Lies ,"Simon Channing-Williams, Producer"
7403,1996,69,Best Picture,0,Shine ,"Jane Scott, Producer"
7517,1997,70,Best Picture,0,As Good as It Gets ,"James L. Brooks, Bridget Johnson and Kristi Zea, Producers"
7518,1997,70,Best Picture,0,The Full Monty ,"Uberto Pasolini, Producer"
7519,1997,70,Best Picture,0,Good Will Hunting ,"Lawrence Bender, Producer"
7520,1997,70,Best Picture,0,L.A. Confidential ,"Arnon Milchan, Curtis Hanson and Michael Nathanson, Producers"
7521,1997,70,Best Picture,1,Titanic ,"James Cameron and Jon Landau, Producers"
7632,1998,71,Best Picture,0,Elizabeth ,"Alison Owen, Eric Fellner and Tim Bevan, Producers"
7633,1998,71,Best Picture,0,Life Is Beautiful ,"Elda Ferri and Gianluigi Braschi, Producers"
7634,1998,71,Best Picture,0,Saving Private Ryan ,"Steven Spielberg, Ian Bryce, Mark Gordon and Gary Levinsohn, Producers"
7635,1998,71,Best Picture,1,Shakespeare in Love ,"David Parfitt, Donna Gigliotti, Harvey Weinstein, Edward Zwick and Marc Norman, Producers"
7636,1998,71,Best Picture,0,The Thin Red Line ,"Robert Michael Geisler, John Roberdeau and Grant Hill, Producers"
7743,1999,72,Best Picture,1,American Beauty ,"Bruce Cohen and Dan Jinks, Producers"
7744,1999,72,Best Picture,0,The Cider House Rules ,"Richard N. Gladstein, Producer"
7745,1999,72,Best Picture,0,The Green Mile ,"David Valdes and Frank Darabont, Producers"
7746,1999,72,Best Picture,0,The Insider ,"Michael Mann and Pieter Jan Brugge, Producers"
7747,1999,72,Best Picture,0,The Sixth Sense ,"Frank Marshall, Kathleen Kennedy and Barry Mendel, Producers"
7858,2000,73,Best Picture,0,Chocolat ,"David Brown, Kit Golden and Leslie Holleran, Producers"
7859,2000,73,Best Picture,0,"Crouching Tiger, Hidden Dragon ","Bill Kong, Hsu Li Kong and Ang Lee, Producers"
7860,2000,73,Best Picture,0,Erin Brockovich ,"Danny DeVito, Michael Shamberg and Stacey Sher, Producers"
7861,2000,73,Best Picture,1,Gladiator ,"Douglas Wick, David Franzoni and Branko Lustig, Producers"
7862,2000,73,Best Picture,0,Traffic ,"Edward Zwick, Marshall Herskovitz and Laura Bickford, Producers"
7971,2001,74,Best Picture,1,A Beautiful Mind ,"Brian Grazer and Ron Howard, Producers"
7972,2001,74,Best Picture,0,Gosford Park ,"Robert Altman, Bob Balaban and David Levy, Producers"
7973,2001,74,Best Picture,0,In the Bedroom ,"Graham Leader, Ross Katz and Todd Field, Producers"
7974,2001,74,Best Picture,0,The Lord of the Rings: The Fellowship of the Ring ,"Peter Jackson, Fran Walsh and Barrie M. Osborne, Producers"
7975,2001,74,Best Picture,0,Moulin Rouge ,"Martin Brown, Baz Luhrmann and Fred Baron, Producers"
8089,2002,75,Best Picture,1,Chicago ,"Martin Richards, Producer"
8090,2002,75,Best Picture,0,Gangs of New York ,"Alberto Grimaldi and Harvey Weinstein, Producers"
8091,2002,75,Best Picture,0,The Hours ,"Scott Rudin and Robert Fox, Producers"
8092,2002,75,Best Picture,0,The Lord of the Rings: The Two Towers ,"Barrie M. Osborne, Fran Walsh and Peter Jackson, Producers"
8093,2002,75,Best Picture,0,The Pianist ,"Roman Polanski, Robert Benmussa and Alain Sarde, Producers"
8202,2003,76,Best Picture,1,The Lord of the Rings: The Return of the King ,"Barrie M. Osborne, Peter Jackson and Fran Walsh, Producers"
8203,2003,76,Best Picture,0,Lost in Translation ,"Ross Katz and Sofia Coppola, Producers"
8204,2003,76,Best Picture,0,Master and Commander: The Far Side of the World ,"Samuel Goldwyn, Jr., Peter Weir and Duncan Henderson, Producers"
8205,2003,76,Best Picture,0,Mystic River ,"Robert Lorenz, Judie G. Hoyt and Clint Eastwood, Producers"
8206,2003,76,Best Picture,0,Seabiscuit ,"Kathleen Kennedy, Frank Marshall and Gary Ross, Producers"
8317,2004,77,Best Picture,0,The Aviator ,"Michael Mann and Graham King, Producers"
8318,2004,77,Best Picture,0,Finding Neverland ,"Richard N. Gladstein and Nellie Bellflower, Producers"
8319,2004,77,Best Picture,1,Million Dollar Baby ,"Clint Eastwood, Albert S. Ruddy and Tom Rosenberg, Producers"
8320,2004,77,Best Picture,0,Ray ,"Taylor Hackford, Stuart Benjamin and Howard Baldwin, Producers"
8321,2004,77,Best Picture,0,Sideways ,"Michael London, Producer"
8430,2005,78,Best Picture,0,Brokeback Mountain ,"Diana Ossana and James Schamus, Producers"
8431,2005,78,Best Picture,0,Capote ,"Caroline Baron, William Vince and Michael Ohoven, Producers"
8432,2005,78,Best Picture,1,Crash ,"Paul Haggis and Cathy Schulman, Producers"
8433,2005,78,Best Picture,0,"Good Night, and Good Luck. ","Grant Heslov, Producer"
8434,2005,78,Best Picture,0,Munich ,"Kathleen Kennedy, Steven Spielberg and Barry Mendel, Producers"
8544,2006,79,Best Picture,0,Babel ,"Alejandro González Iñárritu, Jon Kilik and Steve Golin, Producers"
8545,2006,79,Best Picture,1,The Departed ,"Graham King, Producer"
8546,2006,79,Best Picture,0,Letters from Iwo Jima ,"Clint Eastwood, Steven Spielberg and Robert Lorenz, Producers"
8547,2006,79,Best Picture,0,Little Miss Sunshine ,"David T. Friendly, Peter Saraf and Marc Turtletaub, Producers"
8548,2006,79,Best Picture,0,The Queen ,"Andy Harries, Christine Langan and Tracey Seaward, Producers"
8662,2007,80,Best Picture,0,Atonement ,"Tim Bevan, Eric Fellner and Paul Webster, Producers"
8663,2007,80,Best Picture,0,Juno ,"Lianne Halfon, Mason Novick and Russell Smith, Producers"
8664,2007,80,Best Picture,0,Michael Clayton ,"Sydney Pollack, Jennifer Fox and Kerry Orent, Producers"
8665,2007,80,Best Picture,1,No Country for Old Men ,"Scott Rudin, Ethan Coen and Joel Coen, Producers"
8666,2007,80,Best Picture,0,There Will Be Blood ,"JoAnne Sellar, Paul Thomas Anderson and Daniel Lupi, Producers"
8777,2008,81,Best Picture,0,The Curious Case of Benjamin Button ,"Kathleen Kennedy, Frank Marshall and Ceán Chaffin, Producers"
8778,2008,81,Best Picture,0,Frost/Nixon ,"Brian Grazer, Ron Howard and Eric Fellner, Producers"
8779,2008,81,Best Picture,0,Milk ,"Dan Jinks and Bruce Cohen, Producers"
8780,2008,81,Best Picture,0,The Reader ,"Anthony Minghella, Sydney Pollack, Donna Gigliotti and Redmond Morris, Producers"
8781,2008,81,Best Picture,1,Slumdog Millionaire ,"Christian Colson, Producer"
8896,2009,82,Best Picture,0,Avatar ,"James Cameron and Jon Landau, Producers"
8897,2009,82,Best Picture,0,The Blind Side ,"Gil Netter, Andrew A. Kosove and Broderick Johnson, Producers"
8898,2009,82,Best Picture,0,District 9 ,"Peter Jackson and Carolynne Cunningham, Producers"
8899,2009,82,Best Picture,0,An Education ,"Finola Dwyer and Amanda Posey, Producers"
8900,2009,82,Best Picture,1,The Hurt Locker ,"Kathryn Bigelow, Mark Boal, Nicolas Chartier and Greg Shapiro, Producers"
8901,2009,82,Best Picture,0,Inglourious Basterds ,"Lawrence Bender, Producer"
8902,2009,82,Best Picture,0,Precious: Based on the Novel 'Push' by Sapphire ,"Lee Daniels, Sarah Siegel-Magness and Gary Magness, Producers"
8903,2009,82,Best Picture,0,A Serious Man ,"Joel Coen and Ethan Coen, Producers"
8904,2009,82,Best Picture,0,Up ,"Jonas Rivera, Producer"
8905,2009,82,Best Picture,0,Up in the Air ,"Daniel Dubiecki, Ivan Reitman and Jason Reitman, Producers"
9018,2010,83,Best Picture,0,Black Swan ,"Mike Medavoy, Brian Oliver and Scott Franklin, Producers"
9019,2010,83,Best Picture,0,The Fighter ,"David Hoberman, Todd Lieberman and Mark Wahlberg, Producers"
9020,2010,83,Best Picture,0,Inception ,"Emma Thomas and Christopher Nolan, Producers"
9021,2010,83,Best Picture,0,The Kids Are All Right ,"Gary Gilbert, Jeffrey Levy-Hinte and Celine Rattray, Producers"
9022,2010,83,Best Picture,1,The King's Speech ,"Iain Canning, Emile Sherman and Gareth Unwin, Producers"
9023,2010,83,Best Picture,0,127 Hours ,"Christian Colson, Danny Boyle and John Smithson, Producers"
9024,2010,83,Best Picture,0,The Social Network ,"Scott Rudin, Dana Brunetti, Michael De Luca and Ceán Chaffin, Producers"
9025,2010,83,Best Picture,0,Toy Story 3 ,"Darla K. Anderson, Producer"
9026,2010,83,Best Picture,0,True Grit ,"Scott Rudin, Ethan Coen and Joel Coen, Producers"
9027,2010,83,Best Picture,0,Winter's Bone ,"Anne Rosellini and Alix Madigan-Yorkin, Producers"
9143,2011,84,Best Picture,1,The Artist ,"Thomas Langmann, Producer"
9144,2011,84,Best Picture,0,The Descendants ,"Jim Burke, Alexander Payne and Jim Taylor, Producers"
9145,2011,84,Best Picture,0,Extremely Loud & Incredibly Close ,"Scott Rudin, Producer"
9146,2011,84,Best Picture,0,The Help ,"Brunson Green, Chris Columbus and Michael Barnathan, Producers"
9147,2011,84,Best Picture,0,Hugo ,"Graham King and Martin Scorsese, Producers"
9148,2011,84,Best Picture,0,Midnight in Paris ,"Letty Aronson and Stephen Tenenbaum, Producers"
9149,2011,84,Best Picture,0,Moneyball ,"Michael De Luca, Rachael Horovitz and Brad Pitt, Producers"
9150,2011,84,Best Picture,0,The Tree of Life ,"Sarah Green, Bill Pohlad, Dede Gardner and Grant Hill, Producers"
9151,2011,84,Best Picture,0,War Horse ,"Steven Spielberg and Kathleen Kennedy, Producers"
9265,2012,85,Best Picture,0,Amour ,"Margaret Menegoz, Stefan Arndt, Veit Heiduschka and Michael Katz, Producers"
9266,2012,85,Best Picture,1,Argo ,"Grant Heslov, Ben Affleck and George Clooney, Producers"
9267,2012,85,Best Picture,0,Beasts of the Southern Wild ,"Dan Janvey, Josh Penn and Michael Gottwald, Producers"
9268,2012,85,Best Picture,0,Django Unchained ,"Stacey Sher, Reginald Hudlin and Pilar Savone, Producers"
9269,2012,85,Best Picture,0,Les Misérables ,"Tim Bevan, Eric Fellner, Debra Hayward and Cameron Mackintosh, Producers"
9270,2012,85,Best Picture,0,Life of Pi ,"Gil Netter, Ang Lee and David Womark, Producers"
9271,2012,85,Best Picture,0,Lincoln ,"Steven Spielberg and Kathleen Kennedy, Producers"
9272,2012,85,Best Picture,0,Silver Linings Playbook ,"Donna Gigliotti, Bruce Cohen and Jonathan Gordon, Producers"
9273,2012,85,Best Picture,0,Zero Dark Thirty ,"Mark Boal, Kathryn Bigelow and Megan Ellison, Producers"
9392,2013,86,Best Picture,0,American Hustle ,"Charles Roven, Richard Suckle, Megan Ellison and Jonathan Gordon, Producers"
9393,2013,86,Best Picture,0,Captain Phillips ,"Scott Rudin, Dana Brunetti and Michael De Luca, Producers"
9394,2013,86,Best Picture,0,Dallas Buyers Club ,"Robbie Brenner and Rachel Winter, Producers"
9395,2013,86,Best Picture,0,Gravity ,"Alfonso Cuarón and David Heyman, Producers"
9396,2013,86,Best Picture,0,Her ,"Megan Ellison, Spike Jonze and Vincent Landay, Producers"
9397,2013,86,Best Picture,0,Nebraska ,"Albert Berger and Ron Yerxa, Producers"
9398,2013,86,Best Picture,0,Philomena ,"Gabrielle Tana, Steve Coogan and Tracey Seaward, Producers"
9399,2013,86,Best Picture,1,12 Years a Slave ,"Brad Pitt, Dede Gardner, Jeremy Kleiner, Steve McQueen and Anthony Katagas, Producers"
9400,2013,86,Best Picture,0,The Wolf of Wall Street ,"Martin Scorsese, Leonardo DiCaprio, Joey McFarland and Emma Tillinger Koskoff, Producers"
9520,2014,87,Best Picture,0,American Sniper ,"Clint Eastwood, Robert Lorenz, Andrew Lazar, Bradley Cooper and Peter Morgan, Producers"
9521,2014,87,Best Picture,1,Birdman or (The Unexpected Virtue of Ignorance) ,"Alejandro G. Iñárritu, John Lesher and James W. Skotchdopole, Producers"
9522,2014,87,Best Picture,0,Boyhood ,"Richard Linklater and Cathleen Sutherland, Producers"
9523,2014,87,Best Picture,0,The Grand Budapest Hotel ,"Wes Anderson, Scott Rudin, Steven Rales and Jeremy Dawson, Producers"
9524,2014,87,Best Picture,0,The Imitation Game ,"Nora Grossman, Ido Ostrowsky and Teddy Schwarzman, Producers"
9525,2014,87,Best Picture,0,Selma ,"Christian Colson, Oprah Winfrey, Dede Gardner and Jeremy Kleiner, Producers"
9526,2014,87,Best Picture,0,The Theory of Everything ,"Tim Bevan, Eric Fellner, Lisa Bruce and Anthony McCarten, Producers"
9527,2014,87,Best Picture,0,Whiplash ,"Jason Blum, Helen Estabrook and David Lancaster, Producers"
9647,2015,88,Best Picture,0,The Big Short,"Brad Pitt, Dede Gardner and Jeremy Kleiner, Producers"
9648,2015,88,Best Picture,0,Bridge of Spies,"Steven Spielberg, Marc Platt and Kristie Macosko Krieger, Producers"
9649,2015,88,Best Picture,0,Brooklyn,"Finola Dwyer and Amanda Posey, Producers"
9650,2015,88,Best Picture,0,Mad Max: Fury Road,"Doug Mitchell and George Miller, Producers"
9651,2015,88,Best Picture,0,The Martian,"Simon Kinberg, Ridley Scott, Michael Schaefer and Mark Huffam, Producers"
9652,2015,88,Best Picture,0,The Revenant,"Arnon Milchan, Steve Golin, Alejandro G. Iñárritu, Mary Parent and Keith Redmon, Producers"
9653,2015,88,Best Picture,0,Room,"Ed Guiney, Producer"
9654,2015,88,Best Picture,1,Spotlight,"Michael Sugar, Steve Golin, Nicole Rocklin and Blye Pagon Faust, Producers"
