Title,Best Picture,Prod Company,Year,imdbRating,Popularity,Rated_APPROVED,Rated_G,Rated_PG,Rated_PG-13,Rated_R,Rated_UNRATED,Release_Date_01,Release_Date_02,Release_Date_03,Release_Date_04,Release_Date_05,Release_Date_06,Release_Date_07,Release_Date_08,Release_Date_09,Release_Date_10,Release_Date_11,Release_Date_12,Revenue,Budget,Runtime,Genre_Action,Genre_Adventure,Genre_Animation,Genre_Biography,Genre_Comedy,Genre_Crime,Genre_Documentary,Genre_Drama,Genre_Family,Genre_Fantasy,Genre_Film-Noir,Genre_History,Genre_Horror,Genre_Music,Genre_Musical,Genre_Mystery,Genre_Romance,Genre_Sci-Fi,Genre_Short,Genre_Sport,Genre_Thriller,Genre_War,Genre_Western,Best Actor,Best Actress,Best Director,Best Supporting Actor,Best Supporting Actress
Double Indemnity,0,Paramount,1944,8.3,11.853,1,0,0,0,0,0,0,0,0,1,0,0,0,0,0,0,0,0,2500000,927262,107,0,0,0,0,0,1,0,1,0,0,1,0,0,0,0,1,0,0,0,0,1,0,0,0.0,0.0,0.0,0.0,0.0
Gaslight,0,Metro-Goldwyn-Mayer,1944,7.8,6.867999999999999,0,0,0,0,0,1,0,0,0,0,1,0,0,0,0,0,0,0,0,2068000,114,0,0,0,0,0,1,0,1,0,0,0,0,0,0,0,1,0,0,0,0,1,0,0,0.0,1.0,0.0,0.0,0.0
Going My Way,1,Paramount,1944,7.2,3.592,1,0,0,0,0,0,0,0,0,0,1,0,0,0,0,0,0,0,16300000,0,130,0,0,0,0,1,0,0,1,0,0,0,0,0,1,1,0,0,0,0,0,0,0,0,1.0,0.0,1.0,1.0,0.0
Since You Went Away,0,Selznick International Pictures,1944,7.6,1.4,1,0,0,0,0,0,0,0,0,0,0,0,1,0,0,0,0,0,0,0,172,0,0,0,0,0,0,0,1,0,0,0,0,0,0,0,0,1,0,0,0,0,1,0,0.0,0.0,0.0,0.0,0.0
Wilson,0,20th Century-Fox,1944,5.8,0.7709999999999999,0,0,0,0,1,0,0,0,0,0,0,0,0,1,0,0,0,0,2000000,2995000,154,0,0,0,0,1,0,0,1,0,0,0,0,0,0,0,0,0,0,0,0,0,0,0,0.0,0.0,0.0,0.0,0.0
Anchors Aweigh,0,Metro-Goldwyn-Mayer,1945,7.2,4.672,1,0,0,0,0,0,0,0,0,0,0,0,1,0,0,0,0,0,0,0,143,0,0,0,0,1,0,0,0,0,1,0,0,0,0,1,0,0,0,0,0,0,0,0,0.0,0.0,0.0,0.0,0.0
The Bells of St. Mary's,0,Rainbow Productions,1945,7.4,2.62,0,0,0,0,0,1,0,0,0,0,0,0,0,0,0,0,0,1,21300000,0,126,0,0,0,0,0,0,0,1,0,0,0,0,0,0,0,0,0,0,0,0,0,0,0,0.0,0.0,0.0,0.0,0.0
The Lost Weekend,1,Paramount,1945,8.0,5.871,0,0,0,0,0,1,0,0,0,0,0,0,0,0,0,0,1,0,11000000,1250000,101,0,0,0,0,0,0,0,1,0,0,1,0,0,0,0,0,0,0,0,0,0,0,0,1.0,0.0,1.0,0.0,0.0
Mildred Pierce,0,Warner Brothers,1945,8.0,6.6370000000000005,1,0,0,0,0,0,0,0,0,0,0,0,0,0,0,1,0,0,5638000,1453000,111,0,0,0,0,0,1,0,1,0,0,1,0,0,0,0,1,1,0,0,0,0,0,0,0.0,1.0,0.0,0.0,0.0
Spellbound,0,Selznick International Pictures,1945,7.6,8.192,0,0,0,0,0,1,0,0,0,0,0,0,0,0,0,0,0,1,7000000,1500000,111,0,0,0,0,0,0,0,0,0,0,1,0,0,0,0,1,1,0,0,0,1,0,0,0.0,0.0,0.0,0.0,0.0
The Best Years of Our Lives,1,Samuel Goldwyn Productions,1946,8.1,9.802999999999999,1,0,0,0,0,0,0,0,0,0,0,0,0,0,0,0,0,1,23650000,2100000,172,0,0,0,0,0,0,0,1,0,0,0,0,0,0,0,0,1,0,0,0,0,1,0,1.0,0.0,1.0,1.0,0.0
Henry V,0,J. Arthur Rank-Two Cities Films,1946,7.7,2.351,0,0,0,1,0,0,0,0,0,0,0,0,0,0,0,0,1,0,0,0,137,1,0,0,1,0,0,0,1,0,0,0,0,0,0,0,0,0,0,0,0,0,0,0,0.0,0.0,0.0,0.0,0.0
It's a Wonderful Life,0,Liberty Films,1946,8.6,36.346,0,0,1,0,0,0,0,0,0,0,0,0,0,0,0,0,0,1,9644124,3180000,130,0,0,0,0,0,0,0,1,1,1,0,0,0,0,0,0,0,0,0,0,0,0,0,0.0,0.0,0.0,0.0,0.0
The Razor's Edge,0,20th Century-Fox,1946,7.5,3.3289999999999997,1,0,0,0,0,0,0,0,0,0,0,0,0,0,0,0,1,0,0,0,145,0,0,0,0,0,0,0,1,0,0,0,0,0,0,0,0,1,0,0,0,0,0,0,0.0,0.0,0.0,0.0,1.0
The Yearling,0,Metro-Goldwyn-Mayer,1946,7.3,2.116,1,0,0,0,0,0,0,0,0,0,0,0,0,0,0,0,0,1,0,0,128,0,0,0,0,0,0,0,1,1,0,0,0,0,0,0,0,0,0,0,0,0,0,1,0.0,0.0,0.0,0.0,0.0
The Bishop's Wife,0,Samuel Goldwyn Productions,1947,7.6,5.19,0,0,0,0,0,1,0,0,0,0,0,0,0,0,0,0,0,1,0,0,109,0,0,0,0,1,0,0,1,0,1,0,0,0,0,0,0,1,0,0,0,0,0,0,0.0,0.0,0.0,0.0,0.0
Crossfire,0,RKO Radio,1947,7.4,2.898,0,0,0,0,0,1,0,0,0,0,0,0,0,1,0,0,0,0,1300000,250000,86,0,0,0,0,0,1,0,1,0,0,1,0,0,0,0,0,0,0,0,0,0,0,0,0.0,0.0,0.0,0.0,0.0
Gentleman's Agreement,1,20th Century-Fox,1947,7.4,4.337,0,0,0,0,0,1,0,0,0,0,0,0,0,0,0,0,1,0,7800000,2000000,118,0,0,0,0,0,0,0,1,0,0,0,0,0,0,0,0,1,0,0,0,0,0,0,0.0,0.0,1.0,0.0,1.0
Great Expectations,0,J. Arthur Rank-Cineguild,1947,6.8,6.693,0,0,0,0,1,0,0,0,0,0,0,0,0,0,0,0,0,1,0,0,118,0,0,0,0,0,0,0,1,0,0,0,0,0,0,0,0,1,0,0,0,0,0,0,0.0,0.0,0.0,0.0,0.0
Miracle on 34th Street,0,20th Century-Fox,1947,7.9,23.002,0,0,0,0,0,1,0,0,0,0,0,0,0,0,0,1,0,0,0,0,96,0,0,0,0,1,0,0,1,1,0,0,0,0,0,0,0,0,0,0,0,0,0,0,0.0,0.0,0.0,1.0,0.0
Hamlet,1,J. Arthur Rank-Two Cities Films,1948,7.8,4.4239999999999995,0,0,0,1,0,0,0,0,1,0,0,0,0,0,0,0,0,0,0,750000,155,0,0,0,0,0,0,0,1,0,0,0,0,0,0,0,0,0,0,0,0,0,0,0,1.0,0.0,0.0,0.0,0.0
Johnny Belinda,0,Warner Brothers,1948,7.8,1.675,0,0,0,0,0,1,0,0,0,0,0,0,0,0,1,0,0,0,0,0,102,0,0,0,0,0,0,0,1,0,0,0,0,0,0,0,0,0,0,0,0,0,0,0,0.0,1.0,0.0,0.0,0.0
The Red Shoes,0,J. Arthur Rank-Archers,1948,8.3,6.33,0,0,0,0,0,1,0,0,0,0,0,0,1,0,0,0,0,0,0,500000,133,0,0,0,0,0,0,0,1,0,0,0,0,0,1,0,0,1,0,0,0,0,0,0,0.0,0.0,0.0,0.0,0.0
The Snake Pit,0,20th Century-Fox,1948,7.7,2.6180000000000003,1,0,0,0,0,0,0,0,0,0,0,0,0,0,0,0,1,0,0,0,108,0,0,0,0,0,0,0,1,0,0,0,0,0,0,0,1,0,0,0,0,0,0,0,0.0,0.0,0.0,0.0,0.0
The Treasure of the Sierra Madre,0,Warner Brothers,1948,8.3,11.654000000000002,0,0,0,0,0,1,1,0,0,0,0,0,0,0,0,0,0,0,4307000,3800000,126,0,1,0,0,0,0,0,1,0,0,0,0,0,0,0,0,0,0,0,0,0,0,1,0.0,0.0,1.0,1.0,0.0
All the King's Men,1,Robert Rossen Productions,1949,6.2,5.468999999999999,0,0,0,1,0,0,0,0,0,0,0,0,0,0,0,0,1,0,0,0,109,0,0,0,0,0,0,0,1,0,0,0,0,0,0,0,0,0,0,0,0,1,0,0,1.0,0.0,0.0,0.0,1.0
Battleground,0,Metro-Goldwyn-Mayer,1949,7.5,4.008,1,0,0,0,0,0,0,0,0,0,0,0,0,0,0,0,1,0,0,0,118,1,0,0,0,0,0,0,1,0,0,0,0,0,0,0,0,0,0,0,0,0,1,0,0.0,0.0,0.0,0.0,0.0
The Heiress,0,Paramount,1949,8.2,4.361000000000001,0,0,0,0,0,1,0,0,0,0,0,0,0,0,0,1,0,0,0,2600000,115,0,0,0,0,0,0,0,1,0,0,0,0,0,0,0,0,1,0,0,0,0,0,0,0.0,1.0,0.0,0.0,0.0
A Letter to Three Wives,0,20th Century-Fox,1949,7.8,3.031,0,0,0,0,0,1,1,0,0,0,0,0,0,0,0,0,0,0,0,0,103,0,0,0,0,0,0,0,1,0,0,0,0,0,0,0,0,1,0,0,0,0,0,0,0.0,0.0,1.0,0.0,0.0
Twelve O'Clock High,0,20th Century-Fox,1949,7.8,2.7289999999999996,0,0,0,0,0,1,0,0,0,0,0,0,0,0,0,0,0,1,3225000,0,132,0,0,0,0,0,0,0,1,0,0,0,0,0,0,0,0,0,0,0,0,0,1,0,0.0,0.0,0.0,1.0,0.0
All about Eve,1,20th Century-Fox,1950,8.3,10.221,0,0,0,0,0,1,0,0,0,0,0,0,0,0,0,0,1,0,63463,1400000,139,0,0,0,0,0,0,0,1,0,0,0,0,0,0,0,0,0,0,0,0,0,0,0,0.0,0.0,1.0,1.0,0.0
Born Yesterday,0,Columbia,1950,7.6,4.151,1,0,0,0,0,0,0,0,0,0,0,0,0,0,0,0,0,1,0,0,103,0,0,0,0,1,0,0,1,0,0,0,0,0,0,0,0,1,0,0,0,0,0,0,0.0,1.0,0.0,0.0,0.0
Father of the Bride,0,Metro-Goldwyn-Mayer,1950,6.5,5.957999999999999,0,0,1,0,0,0,0,0,0,0,0,1,0,0,0,0,0,0,0,0,92,0,0,0,0,1,0,0,0,1,0,0,0,0,0,0,0,1,0,0,0,0,0,0,0.0,0.0,0.0,0.0,0.0
King Solomon's Mines,0,Metro-Goldwyn-Mayer,1950,6.3,2.918,0,0,1,0,0,0,0,0,0,0,0,0,0,0,0,0,1,0,0,0,103,1,1,0,0,1,0,0,1,0,1,0,0,0,0,0,0,1,0,0,0,1,0,0,0.0,0.0,0.0,0.0,0.0
Sunset Blvd.,0,Paramount,1950,5.2,15.427999999999999,0,0,0,0,0,0,0,0,0,0,0,0,0,1,0,0,0,0,5000000,1752000,110,0,0,0,0,0,0,0,1,0,0,0,0,0,0,0,0,0,0,0,0,0,0,0,0.0,0.0,0.0,0.0,0.0
An American in Paris,1,"Arthur Freed, Producer",1951,7.2,8.442,0,0,0,0,0,1,0,0,0,0,0,0,0,1,0,0,0,0,4500000,2723903,113,0,0,0,0,0,0,0,1,0,0,0,0,0,0,1,0,1,0,0,0,0,0,0,0.0,0.0,0.0,0.0,0.0
Decision before Dawn,0,"Anatole Litvak and Frank McCarthy, Producers",1951,7.4,1.161,0,0,0,0,0,1,0,0,0,0,0,0,0,0,0,0,0,1,0,0,119,0,0,0,0,0,0,0,1,0,0,0,0,0,0,0,0,0,0,0,0,0,1,0,0.0,0.0,0.0,0.0,0.0
A Place in the Sun,0,"George Stevens, Producer",1951,7.8,6.609,0,0,0,0,0,1,0,0,0,0,0,1,0,0,0,0,0,0,0,0,122,0,0,0,0,0,0,0,1,0,0,0,0,0,0,0,0,1,0,0,0,0,0,0,0.0,0.0,1.0,0.0,0.0
Quo Vadis,0,"Sam Zimbalist, Producer",1951,7.2,8.102,0,0,0,0,0,1,0,0,0,0,0,0,0,0,0,0,1,0,30000000,8250000,171,0,0,0,1,0,0,0,1,0,0,0,1,0,0,0,0,1,0,0,0,0,0,0,0.0,0.0,0.0,0.0,0.0
A Streetcar Named Desire,0,"Charles K. Feldman, Producer",1951,8.0,10.414000000000001,0,0,1,0,0,0,0,0,0,0,0,0,0,0,1,0,0,0,8000000,1800000,125,0,0,0,0,0,0,0,1,0,0,0,0,0,0,0,0,0,0,0,0,0,0,0,0.0,1.0,0.0,1.0,1.0
The Greatest Show on Earth,1,"Cecil B. DeMille, Producer",1952,6.7,5.09,0,0,0,0,0,1,1,0,0,0,0,0,0,0,0,0,0,0,36000000,4000000,152,0,0,0,0,0,0,0,1,1,0,0,0,0,0,0,0,1,0,0,0,0,0,0,0.0,0.0,0.0,0.0,0.0
High Noon,0,"Stanley Kramer, Producer",1952,8.0,8.329,0,0,1,0,0,0,0,0,1,0,0,0,0,0,0,0,0,0,8000000,730000,85,1,0,0,0,0,0,0,1,0,0,0,0,0,0,0,0,0,0,0,0,1,0,1,1.0,0.0,0.0,0.0,0.0
Ivanhoe,0,"Pandro S. Berman, Producer",1952,6.8,5.611000000000001,1,0,0,0,0,0,1,0,0,0,0,0,0,0,0,0,0,0,0,0,106,0,1,0,0,0,0,0,1,0,0,0,1,0,0,0,0,0,0,0,0,0,0,0,0.0,0.0,0.0,0.0,0.0
Moulin Rouge 1952,0,Romulus Films,1952,7.1,1.858,0,0,0,0,0,1,0,0,0,0,0,0,0,0,0,0,0,1,0,1500000,119,0,0,0,1,0,0,0,1,0,0,0,0,0,1,0,0,0,0,0,0,0,0,0,0.0,0.0,0.0,0.0,0.0
The Quiet Man,0,"John Ford and Merian C. Cooper, Producers",1952,7.8,5.737,0,0,0,0,0,1,0,0,0,0,0,0,1,0,0,0,0,0,0,0,129,0,0,0,0,1,0,0,1,0,0,0,0,0,0,0,0,1,0,0,0,0,0,0,0.0,0.0,1.0,0.0,0.0
From Here to Eternity,1,"Buddy Adler, Producer",1953,7.7,7.745,0,0,0,0,0,1,0,0,0,0,0,0,0,1,0,0,0,0,30500000,1650000,118,0,0,0,0,0,0,0,1,0,0,0,0,0,0,0,0,1,0,0,0,0,1,0,0.0,0.0,1.0,1.0,1.0
Julius Caesar,0,"John Houseman, Producer",1953,7.4,2.917,0,0,0,0,0,1,0,0,0,0,0,1,0,0,0,0,0,0,0,0,120,0,0,0,1,0,0,0,1,0,0,0,1,0,0,0,0,0,0,0,0,0,0,0,0.0,0.0,0.0,0.0,0.0
The Robe,0,"Frank Ross, Producer",1953,6.8,4.73,0,0,0,0,0,1,0,0,0,0,0,0,0,0,1,0,0,0,36000000,4100000,135,0,0,0,0,0,0,0,1,0,0,0,1,0,0,0,0,0,0,0,0,0,0,0,0.0,0.0,0.0,0.0,0.0
Roman Holiday,0,"William Wyler, Producer",1953,8.1,12.947000000000001,0,0,0,0,0,1,0,0,0,0,0,0,0,1,0,0,0,0,12000000,1500000,119,0,0,0,0,1,0,0,0,0,0,0,0,0,0,0,0,1,0,0,0,0,0,0,0.0,1.0,0.0,0.0,0.0
Shane,0,"George Stevens, Producer",1953,7.7,6.8660000000000005,0,0,0,0,0,1,0,0,0,1,0,0,0,0,0,0,0,0,20000000,3100000,118,0,0,0,0,0,0,0,1,0,0,0,0,0,0,0,0,0,0,0,0,0,0,1,0.0,0.0,0.0,0.0,0.0
The Caine Mutiny,0,"Stanley Kramer, Producer",1954,7.8,5.955,0,0,0,0,0,1,0,0,0,0,0,1,0,0,0,0,0,0,21750000,2000000,124,0,0,0,0,0,0,0,1,0,0,0,0,0,0,0,0,0,0,0,0,0,1,0,0.0,0.0,0.0,0.0,0.0
The Country Girl,0,"William Perlberg, Producer",1954,7.3,4.369,0,0,0,0,0,1,0,0,0,0,1,0,0,0,0,0,0,0,0,0,104,0,0,0,0,0,0,0,1,0,0,0,0,0,1,0,0,0,0,0,0,0,0,0,0.0,1.0,0.0,0.0,0.0
On the Waterfront,1,"Sam Spiegel, Producer",1954,8.2,7.903,0,0,0,0,0,1,0,0,0,0,0,1,0,0,0,0,0,0,9600000,910000,108,0,0,0,0,0,1,0,1,0,0,0,0,0,0,0,0,0,0,0,0,1,0,0,1.0,0.0,1.0,0.0,1.0
Seven Brides for Seven Brothers,0,"Jack Cummings, Producer",1954,7.4,7.465,0,1,0,0,0,0,0,0,0,0,0,0,1,0,0,0,0,0,5000000,0,102,0,0,0,0,1,0,0,1,0,0,0,0,0,0,1,0,1,0,0,0,0,0,1,0.0,0.0,0.0,0.0,0.0
Three Coins in the Fountain,0,"Sol C. Siegel, Producer",1954,6.3,1.5230000000000001,0,0,0,0,0,1,0,0,0,0,1,0,0,0,0,0,0,0,0,0,102,0,0,0,0,0,0,0,1,0,0,0,0,0,0,0,0,0,0,0,0,0,0,0,0.0,0.0,0.0,0.0,0.0
Love Is a Many-Splendored Thing,0,"Buddy Adler, Producer",1955,6.6,1.621,0,0,0,0,0,1,0,0,0,0,0,0,0,1,0,0,0,0,0,0,102,0,0,0,1,0,0,0,1,0,0,0,0,0,0,0,0,1,0,0,0,0,0,0,0.0,0.0,0.0,0.0,0.0
Marty,1,"Harold Hecht, Producer",1955,7.7,5.377999999999999,0,0,0,0,0,1,0,0,0,1,0,0,0,0,0,0,0,0,3000000,343000,90,0,0,0,0,0,0,0,1,0,0,0,0,0,0,0,0,1,0,0,0,0,0,0,1.0,0.0,1.0,0.0,0.0
Mister Roberts,0,"Leland Hayward, Producer",1955,7.8,3.341,0,0,0,0,0,1,0,0,0,0,0,0,1,0,0,0,0,0,0,0,123,0,0,0,0,1,0,0,1,0,0,0,0,0,0,0,0,0,0,0,0,0,1,0,0.0,0.0,0.0,1.0,0.0
Picnic,0,"Fred Kohlmar, Producer",1955,7.2,3.1839999999999997,1,0,0,0,0,0,0,0,0,0,0,0,0,0,0,0,1,0,0,0,115,0,0,0,0,0,0,0,1,0,0,0,0,0,0,0,0,1,0,0,0,0,0,0,0.0,0.0,0.0,0.0,0.0
The Rose Tattoo,0,"Hal B. Wallis, Producer",1955,7.2,1.0659999999999998,0,0,0,0,0,1,0,0,0,0,0,0,0,0,0,0,0,1,0,0,117,0,0,0,0,1,0,0,1,0,0,0,0,0,0,0,0,1,0,0,0,0,0,0,0.0,1.0,0.0,0.0,0.0
Around the World in 80 Days,1,"Michael Todd, Producer",1956,5.8,7.311,0,0,1,0,0,0,0,0,0,0,0,0,0,0,0,1,0,0,42000000,6000000,167,1,1,0,0,1,0,0,0,1,0,0,0,0,0,0,0,0,0,0,0,0,0,1,0.0,0.0,0.0,0.0,0.0
Friendly Persuasion,0,"William Wyler, Producer",1956,7.4,1.865,1,0,0,0,0,0,0,0,0,0,0,0,0,0,0,0,1,0,0,0,137,0,0,0,0,0,0,0,1,0,0,0,0,0,0,0,0,1,0,0,0,0,1,0,0.0,0.0,0.0,0.0,0.0
Giant,0,"George Stevens and Henry Ginsberg, Producers",1956,7.7,5.522,0,1,0,0,0,0,0,0,0,0,0,0,0,0,0,1,0,0,35000000,5400000,201,0,0,0,0,0,0,0,1,0,0,0,0,0,0,0,0,0,0,0,0,0,0,1,0.0,0.0,1.0,0.0,0.0
The King and I,0,"Charles Brackett, Producer",1956,7.5,7.106,0,1,0,0,0,0,0,0,0,0,0,1,0,0,0,0,0,0,21300000,4550000,133,0,0,0,1,0,0,0,1,0,0,0,0,0,0,1,0,0,0,0,0,0,0,0,1.0,0.0,0.0,0.0,0.0
The Ten Commandments,0,"Cecil B. DeMille, Producer",1956,7.9,11.599,0,1,0,0,0,0,0,0,0,0,0,0,0,0,0,1,0,0,122700000,13000000,220,0,1,0,0,0,0,0,1,0,0,0,0,0,0,0,0,0,0,0,0,0,0,0,0.0,0.0,0.0,0.0,0.0
The Bridge on the River Kwai,1,"Sam Spiegel, Producer",1957,8.2,13.093,0,0,1,0,0,0,0,0,0,0,0,0,0,0,0,1,0,0,27200000,3000000,161,0,1,0,0,0,0,0,1,0,0,0,0,0,0,0,0,0,0,0,0,0,1,0,1.0,0.0,1.0,0.0,0.0
Peyton Place,0,"Jerry Wald, Producer",1957,7.2,2.937,1,0,0,0,0,0,0,0,0,0,0,0,0,0,0,0,0,1,0,0,151,0,0,0,0,0,0,0,1,0,0,0,0,0,0,0,0,1,0,0,0,0,0,0,0.0,0.0,0.0,0.0,0.0
Sayonara,0,"William Goetz, Producer",1957,7.2,4.331,0,0,0,0,0,1,0,0,0,0,0,0,0,0,0,0,0,1,0,0,147,0,0,0,0,0,0,0,1,0,0,0,0,0,0,0,0,1,0,0,0,0,0,0,0.0,0.0,0.0,1.0,1.0
12 Angry Men,0,"Henry Fonda and Reginald Rose, Producers",1957,8.9,17.512999999999998,1,0,0,0,0,0,0,0,1,0,0,0,0,0,0,0,0,0,1000000,350000,97,0,0,0,0,0,1,0,1,0,0,0,0,0,0,0,0,0,0,0,0,0,0,0,0.0,0.0,0.0,0.0,0.0
Witness for the Prosecution,0,"Arthur Hornblow, Jr., Producer",1957,8.4,8.516,0,0,0,0,0,1,0,0,0,0,0,0,0,0,0,0,0,1,9000000,3000000,116,0,0,0,0,0,1,0,1,0,0,0,0,0,0,0,1,0,0,0,0,1,0,0,0.0,0.0,0.0,0.0,0.0
Auntie Mame,0,Warner Brothers,1958,8.0,2.425,0,0,0,0,0,1,0,0,0,0,0,0,0,0,0,0,0,1,0,0,143,0,0,0,0,1,0,0,1,0,0,0,0,0,0,0,0,1,0,0,0,0,0,0,0.0,0.0,0.0,0.0,0.0
Cat on a Hot Tin Roof,0,"Lawrence Weingarten, Producer",1958,8.1,9.118,0,0,0,0,0,1,0,1,0,0,0,0,0,0,0,0,0,0,17570324,3000000,108,0,0,0,0,0,0,0,1,0,0,0,0,0,0,0,0,0,0,0,0,0,0,0,0.0,0.0,0.0,0.0,0.0
The Defiant Ones,0,"Stanley Kramer, Producer",1958,7.7,4.789,1,0,0,0,0,0,0,0,0,0,0,0,0,1,0,0,0,0,0,0,96,0,0,0,0,0,1,0,1,0,0,0,0,0,0,0,0,0,0,0,0,0,0,0,0.0,0.0,0.0,0.0,0.0
Gigi,1,"Arthur Freed, Producer",1958,6.8,6.114,0,1,0,0,0,0,0,0,0,1,0,0,0,0,0,0,0,0,0,3319355,116,0,0,0,0,1,0,0,0,0,0,0,0,0,0,1,0,1,0,0,0,0,0,0,0.0,0.0,1.0,0.0,0.0
Separate Tables,0,"Harold Hecht, Producer",1958,7.5,3.326,0,0,0,0,0,1,0,0,0,0,0,0,0,0,0,0,0,1,0,0,100,0,0,0,0,0,0,0,1,0,0,0,0,0,0,0,0,1,0,0,0,0,0,0,1.0,0.0,0.0,0.0,1.0
Anatomy of a Murder,0,"Otto Preminger, Producer",1959,8.1,7.494,0,0,0,0,0,1,0,0,0,0,0,0,1,0,0,0,0,0,0,0,160,0,0,0,0,0,1,0,1,0,0,0,0,0,0,0,1,0,0,0,0,1,0,0,0.0,0.0,0.0,0.0,0.0
Ben-Hur,1,"Sam Zimbalist, Producer",1959,8.1,14.934000000000001,0,1,0,0,0,0,0,0,0,0,0,0,0,0,0,0,0,1,146900000,15000000,212,0,1,0,0,0,0,0,1,0,0,0,1,0,0,0,0,0,0,0,0,0,0,0,1.0,0.0,1.0,1.0,0.0
The Diary of Anne Frank,0,"George Stevens, Producer",1959,7.4,7.831,1,0,0,0,0,0,0,0,1,0,0,0,0,0,0,0,0,0,0,3000000,180,0,0,0,1,0,0,0,1,1,0,0,1,0,0,0,0,0,0,0,0,0,1,0,0.0,0.0,0.0,0.0,1.0
The Nun's Story,0,"Henry Blanke, Producer",1959,7.6,4.297,0,0,0,0,0,1,0,0,0,0,0,1,0,0,0,0,0,0,12800000,3500000,149,0,0,0,0,0,0,0,1,0,0,0,0,0,0,0,0,0,0,0,0,0,0,0,0.0,0.0,0.0,0.0,0.0
Room at the Top,0,"John Woolf and James Woolf, Producers",1959,7.7,3.977,0,0,0,0,0,0,1,0,0,0,0,0,0,0,0,0,0,0,0,0,115,0,0,0,0,0,0,0,1,0,0,0,0,0,0,0,0,1,0,0,0,0,0,0,0.0,1.0,0.0,0.0,0.0
The Alamo,0,"John Wayne, Producer",1960,6.0,7.313,0,0,0,1,0,0,0,0,0,0,0,0,0,0,0,1,0,0,7900000,12000000,167,0,0,0,0,0,0,0,1,0,0,0,1,0,0,0,0,0,0,0,0,0,1,1,0.0,0.0,0.0,0.0,0.0
The Apartment,1,"Billy Wilder, Producer",1960,8.3,14.790999999999999,0,0,0,0,0,1,0,0,0,0,0,1,0,0,0,0,0,0,25000000,3000000,125,0,0,0,0,1,0,0,1,0,0,0,0,0,0,0,0,1,0,0,0,0,0,0,0.0,0.0,1.0,0.0,0.0
Elmer Gantry,0,"Bernard Smith, Producer",1960,7.8,3.33,1,0,0,0,0,0,0,0,0,0,0,1,0,0,0,0,0,0,10400000,3000000,146,0,0,0,0,0,0,0,1,0,0,0,0,0,0,0,0,0,0,0,0,0,0,0,1.0,0.0,0.0,0.0,1.0
Sons and Lovers,0,"Jerry Wald, Producer",1960,7.3,1.5819999999999999,0,0,0,0,0,0,0,0,0,0,0,0,0,1,0,0,0,0,0,0,103,0,0,0,0,0,0,0,1,0,0,0,0,0,0,0,0,0,0,0,0,0,0,0,0.0,0.0,0.0,0.0,0.0
The Sundowners,0,"Fred Zinnemann, Producer",1960,7.2,1.5630000000000002,0,0,0,0,0,1,0,0,0,0,0,0,0,0,0,0,0,1,0,0,133,0,1,0,0,0,0,0,1,0,0,0,0,0,0,0,0,0,0,0,0,0,0,0,0.0,0.0,0.0,0.0,0.0
Fanny,0,"Joshua Logan, Producer",1961,7.0,1.071,0,0,0,0,0,1,0,0,0,0,0,1,0,0,0,0,0,0,0,0,134,0,0,0,0,0,0,0,1,0,0,0,0,0,0,0,0,1,0,0,0,0,0,0,0.0,0.0,0.0,0.0,0.0
The Guns of Navarone,0,"Carl Foreman, Producer",1961,7.6,10.958,0,0,1,0,0,0,0,0,0,1,0,0,0,0,0,0,0,0,28900000,6000000,158,1,1,0,0,0,0,0,1,0,0,0,0,0,0,0,0,0,0,0,0,0,1,0,0.0,0.0,0.0,0.0,0.0
The Hustler,0,"Robert Rossen, Producer",1961,8.0,9.184,0,0,0,0,0,1,0,0,0,0,0,0,0,0,1,0,0,0,7600000,2000000,134,0,0,0,0,0,0,0,1,0,0,0,0,0,0,0,0,0,0,0,1,0,0,0,0.0,0.0,0.0,0.0,0.0
Judgment at Nuremberg,0,"Stanley Kramer, Producer",1961,8.2,8.289,0,0,0,0,0,1,0,0,0,0,0,0,0,0,0,0,0,1,10000000,3000000,186,0,0,0,0,0,0,0,1,0,0,0,0,0,0,0,0,0,0,0,0,0,1,0,1.0,0.0,0.0,0.0,0.0
West Side Story,1,"Robert Wise, Producer",1961,7.6,9.82,0,0,0,0,0,1,0,0,0,0,0,0,0,0,0,1,0,0,43656822,6000000,152,0,0,0,0,0,1,0,1,0,0,0,0,0,0,1,0,1,0,0,0,0,0,0,0.0,0.0,1.0,1.0,1.0
Lawrence of Arabia,1,"Sam Spiegel, Producer",1962,8.3,11.970999999999998,0,0,1,0,0,0,0,0,0,0,0,0,0,0,0,0,0,1,69995385,15000000,216,0,1,0,1,0,0,0,1,0,0,0,1,0,0,0,0,0,0,0,0,0,1,0,0.0,0.0,1.0,0.0,0.0
The Longest Day,0,"Darryl F. Zanuck, Producer",1962,7.8,10.18,0,1,0,0,0,0,0,0,0,0,0,0,0,0,1,0,0,0,50100000,10000000,178,1,0,0,0,0,0,0,1,0,0,0,1,0,0,0,0,0,0,0,0,0,1,0,0.0,0.0,0.0,0.0,0.0
Meredith Willson's The Music Man,0,"Morton Da Costa, Producer",1962,8.2,11.853,0,0,0,0,0,0,0,0,0,1,0,0,0,0,0,0,0,0,2500000,927262,107,0,0,0,0,0,0,1,0,1,0,0,0,0,0,0,0,0,0,1,0,0,0,0,0.0,0.0,0.0,0.0,0.0
Mutiny on the Bounty,0,"Aaron Rosenberg, Producer",1962,7.8,8.241,0,0,0,0,0,1,0,0,0,0,0,0,0,0,0,0,1,0,13680000,19000000,178,0,1,0,1,0,0,0,1,0,0,0,0,0,0,0,0,0,0,0,0,0,0,0,0.0,0.0,0.0,0.0,0.0
To Kill a Mockingbird,0,"Alan J. Pakula, Producer",1962,8.3,9.437999999999999,0,0,0,0,0,1,0,0,0,0,0,0,0,0,0,0,0,1,13129846,2000000,129,0,0,0,0,0,1,0,1,0,0,0,0,0,0,0,0,0,0,0,0,0,0,0,1.0,0.0,0.0,0.0,0.0
America America,0,"Elia Kazan, Producer",1963,7.8,1.632,0,0,0,0,0,1,0,0,0,0,0,0,0,0,0,0,0,1,0,0,174,0,0,0,0,0,0,0,1,0,0,0,0,0,0,0,0,0,0,0,0,0,0,0,0.0,0.0,0.0,0.0,0.0
Cleopatra,0,"Walter Wanger, Producer",1963,7.0,10.640999999999998,0,1,0,0,0,0,0,0,0,0,0,1,0,0,0,0,0,0,71000000,31115000,248,0,0,0,1,0,0,0,1,0,0,0,1,0,0,0,0,1,0,0,0,0,0,0,0.0,0.0,0.0,0.0,0.0
How the West Was Won,0,"Bernard Smith, Producer",1963,7.1,9.111,0,1,0,0,0,0,0,0,0,0,0,0,0,0,0,0,1,0,50000000,15000000,162,0,0,0,0,0,0,0,0,0,0,0,0,0,0,0,0,0,0,0,0,0,0,1,0.0,0.0,0.0,0.0,0.0
Lilies of the Field,0,"Ralph Nelson, Producer",1963,7.6,1.767,0,0,0,0,0,1,0,0,0,0,0,1,0,0,0,0,0,0,0,0,94,0,0,0,0,0,0,0,1,0,0,0,0,0,0,0,0,0,0,0,0,0,0,0,1.0,0.0,0.0,0.0,0.0
Tom Jones,1,"Tony Richardson, Producer",1963,6.7,5.1370000000000005,0,0,0,0,0,1,0,0,0,0,0,0,0,1,0,0,0,0,37600000,1000000,128,0,1,0,0,1,0,0,0,0,0,0,1,0,0,0,0,0,0,0,0,0,0,0,0.0,0.0,1.0,0.0,0.0
Becket,0,"Hal B. Wallis, Producer",1964,8.0,5.289,0,0,0,1,0,0,0,0,1,0,0,0,0,0,0,0,0,0,0,0,148,0,0,0,1,0,0,0,1,0,0,0,1,0,0,0,0,0,0,0,0,0,0,0,0.0,0.0,0.0,0.0,0.0
Dr. Strangelove or: How I Learned to Stop Worrying and Love the Bomb,0,"Stanley Kubrick, Producer",1964,8.4,14.004000000000001,0,0,1,0,0,0,1,0,0,0,0,0,0,0,0,0,0,0,9440272,1800000,95,0,0,0,0,1,0,0,0,0,0,0,0,0,0,0,0,0,0,0,0,0,0,0,0.0,0.0,0.0,0.0,0.0
Mary Poppins,0,"Walt Disney and Bill Walsh, Producers",1964,7.8,14.58,0,1,0,0,0,0,0,0,0,0,0,0,0,1,0,0,0,0,102272727,6000000,139,0,0,0,0,1,0,0,0,1,1,0,0,0,0,1,0,0,0,0,0,0,0,0,0.0,1.0,0.0,0.0,0.0
My Fair Lady,1,"Jack L. Warner, Producer",1964,7.9,12.419,0,1,0,0,0,0,0,0,0,0,0,0,0,0,0,1,0,0,72070731,17000000,170,0,0,0,0,0,0,0,1,1,0,0,0,0,0,1,0,1,0,0,0,0,0,0,1.0,0.0,1.0,0.0,0.0
Zorba the Greek,0,"Michael Cacoyannis, Producer",1964,7.8,7.3260000000000005,0,0,0,0,0,1,0,0,0,0,0,0,0,0,0,0,0,1,0,783000,142,0,0,0,0,1,0,0,1,0,0,0,0,0,0,0,0,0,0,0,0,0,0,0,0.0,0.0,0.0,0.0,1.0
Darling,0,"Joseph Janni, Producer",1965,7.2,4.541,0,0,0,0,1,0,0,0,0,0,0,0,0,1,0,0,0,0,0,0,128,0,0,0,0,0,0,0,1,0,0,0,0,0,0,0,0,1,0,0,0,0,0,0,0.0,1.0,0.0,0.0,0.0
Doctor Zhivago,0,"Carlo Ponti, Producer",1965,8.0,9.227,0,0,0,1,0,0,0,0,0,0,0,0,0,0,0,0,0,1,111858363,11000000,200,0,0,0,0,0,0,0,1,0,0,0,0,0,0,0,0,1,0,0,0,0,1,0,0.0,0.0,0.0,0.0,0.0
Ship of Fools,0,"Stanley Kramer, Producer",1965,7.2,2.81,0,0,0,0,0,1,0,0,0,0,0,0,1,0,0,0,0,0,0,0,149,0,0,0,0,0,0,0,1,0,0,0,0,0,0,0,0,1,0,0,0,0,1,0,0.0,0.0,0.0,0.0,0.0
The Sound of Music,1,"Robert Wise, Producer",1965,8.0,21.405,0,1,0,0,0,0,0,0,1,0,0,0,0,0,0,0,0,0,286214286,8200000,174,0,0,0,1,0,0,0,1,1,0,0,0,0,0,1,0,1,0,0,0,0,0,0,0.0,0.0,1.0,0.0,0.0
A Thousand Clowns,0,"Fred Coe, Producer",1965,7.6,0.6709999999999999,0,0,0,0,0,1,0,0,0,0,0,0,0,0,0,0,0,1,0,0,118,0,0,0,0,1,0,0,1,0,0,0,0,0,0,0,0,1,0,0,0,0,0,0,0.0,0.0,0.0,1.0,0.0
Alfie,0,"Lewis Gilbert, Producer",1966,6.2,5.529,0,0,0,0,1,0,0,0,1,0,0,0,0,0,0,0,0,0,0,0,114,0,0,0,0,1,0,0,1,0,0,0,0,0,0,0,0,1,0,0,0,0,0,0,0.0,0.0,0.0,0.0,0.0
A Man for All Seasons,1,"Fred Zinnemann, Producer",1966,7.9,6.495,0,1,0,0,0,0,0,0,0,0,0,0,0,0,0,0,0,1,28350000,3900000,120,0,0,0,1,0,0,0,1,0,0,0,1,0,0,0,0,0,0,0,0,0,0,0,1.0,0.0,1.0,0.0,0.0
The Russians Are Coming The Russians Are Coming,0,"Norman Jewison, Producer",1966,6.4,3.525,0,0,0,0,0,0,0,0,0,0,1,0,0,0,0,0,0,0,0,0,126,0,0,0,0,0,0,1,0,0,0,0,0,0,0,0,0,0,0,1,0,0,0,0,0.0,0.0,0.0,0.0,0.0
The Sand Pebbles,0,"Robert Wise, Producer",1966,7.7,6.905,0,0,0,1,0,0,0,0,0,0,0,0,0,0,0,0,0,1,20000000,12000000,182,0,1,0,0,0,0,0,1,0,0,0,0,0,0,0,0,1,0,0,0,0,1,0,0.0,0.0,0.0,0.0,0.0
Who's Afraid of Virginia Woolf?,0,"Ernest Lehman, Producer",1966,8.0,6.648,0,0,0,0,0,1,0,0,0,0,0,1,0,0,0,0,0,0,33736689,7500000,131,0,0,0,0,0,0,0,1,0,0,0,0,0,0,0,0,0,0,0,0,0,0,0,0.0,1.0,0.0,0.0,1.0
Bonnie and Clyde,0,"Warren Beatty, Producer",1967,7.9,7.905,0,0,0,0,1,0,0,0,0,0,0,0,1,0,0,0,0,0,50700000,2500000,111,1,0,0,1,0,1,0,1,0,0,0,0,0,0,0,0,0,0,0,0,0,0,0,0.0,0.0,0.0,0.0,1.0
Doctor Dolittle,0,"Arthur P. Jacobs, Producer",1967,5.4,5.602,0,0,0,1,0,0,0,0,0,0,0,0,0,0,0,0,0,1,9000000,18000000,152,0,0,0,0,1,0,0,0,1,1,0,0,0,0,0,0,0,0,0,0,0,0,0,0.0,0.0,0.0,0.0,0.0
The Graduate,0,"Lawrence Turman, Producer",1967,8.0,11.341,0,0,1,0,0,0,0,0,0,0,0,0,0,0,0,0,0,1,104945305,3000000,106,0,0,0,0,1,0,0,1,0,0,0,0,0,0,0,0,1,0,0,0,0,0,0,0.0,0.0,1.0,0.0,0.0
Guess Who's Coming to Dinner,0,"Stanley Kramer, Producer",1967,7.8,7.609,0,0,0,0,0,1,0,0,0,0,0,0,0,0,0,0,0,1,56666667,4000000,108,0,0,0,0,1,0,0,1,0,0,0,0,0,0,0,0,0,0,0,0,0,0,0,0.0,1.0,0.0,0.0,0.0
In the Heat of the Night,1,"Walter Mirisch, Producer",1967,8.0,7.843,0,0,0,0,0,1,0,0,0,0,0,0,0,1,0,0,0,0,27379978,2000000,109,0,0,0,0,0,1,0,1,0,0,0,0,0,0,0,1,0,0,0,0,0,0,0,1.0,0.0,0.0,0.0,0.0
Funny Girl,0,"Ray Stark, Producer",1968,7.6,5.178,0,1,0,0,0,0,0,0,0,0,0,0,0,0,1,0,0,0,52223306,14000000,149,0,0,0,1,1,0,0,1,0,0,0,0,0,0,1,0,1,0,0,0,0,0,0,0.0,1.0,0.0,0.0,0.0
The Lion in Winter,0,"Martin Poll, Producer",1968,8.1,7.517,0,0,1,0,0,0,1,0,0,0,0,0,0,0,0,0,0,0,0,0,134,0,0,0,1,0,0,0,1,0,0,0,1,0,0,0,0,0,0,0,0,0,0,0,0.0,1.0,0.0,0.0,0.0
Oliver!,1,"John Woolf, Producer",1968,7.5,9.345,0,1,0,0,0,0,0,0,0,0,0,0,0,0,1,0,0,0,37402877,10000000,153,0,0,0,0,0,0,0,1,1,0,0,0,0,0,1,0,0,0,0,0,0,0,0,0.0,0.0,1.0,0.0,0.0
"Rachel, Rachel",0,"Paul Newman, Producer",1968,7.5,1.261,1,0,0,0,0,0,1,0,0,0,0,0,0,0,0,0,0,0,0,0,101,0,0,0,0,0,0,0,1,0,0,0,0,0,0,0,0,1,0,0,0,0,0,0,0.0,0.0,0.0,0.0,0.0
Romeo and Juliet,0,"Anthony Havelock-Allan and John Brabourne, Producers",1968,7.6,10.902000000000001,0,0,1,0,0,0,0,0,0,1,0,0,0,0,0,0,0,0,38901218,0,138,0,0,0,0,0,0,0,1,0,0,0,0,0,0,0,0,1,0,0,0,0,0,0,0.0,0.0,0.0,0.0,0.0
Anne of the Thousand Days,0,"Hal B. Wallis, Producer",1969,7.5,3.568,0,0,1,0,0,0,0,0,0,0,0,0,0,0,0,0,0,1,0,0,145,0,0,0,1,0,0,0,1,0,0,0,1,0,0,0,0,0,0,0,0,0,0,0,0.0,0.0,0.0,0.0,0.0
Butch Cassidy and the Sundance Kid,0,"John Foreman, Producer",1969,8.1,18.186,0,0,1,0,0,0,0,0,0,0,0,0,0,0,1,0,0,0,102308889,6000000,111,0,0,0,1,0,1,0,1,0,0,0,0,0,0,0,0,0,0,0,0,0,0,1,0.0,0.0,0.0,0.0,0.0
"Hello, Dolly!",0,"Ernest Lehman, Producer",1969,7.2,5.041,0,1,0,0,0,0,0,0,0,0,0,0,0,0,0,0,0,1,33208099,24000000,146,0,1,0,0,1,0,0,0,0,0,0,0,0,0,1,0,1,0,0,0,0,0,0,0.0,0.0,0.0,0.0,0.0
Midnight Cowboy,1,"Jerome Hellman, Producer",1969,7.9,13.58,0,0,0,0,1,0,0,0,0,0,1,0,0,0,0,0,0,0,44785053,3600000,113,0,0,0,0,0,0,0,1,0,0,0,0,0,0,0,0,0,0,0,0,0,0,0,0.0,0.0,1.0,0.0,0.0
Z,0,"Jacques Perrin and Hamed Rachedi, Producers",1969,8.2,6.755,0,0,1,0,0,0,0,1,0,0,0,0,0,0,0,0,0,0,83305,0,127,0,0,0,0,0,1,0,1,0,0,0,1,0,0,0,0,0,0,0,0,1,0,0,0.0,0.0,0.0,0.0,0.0
Airport,0,"Ross Hunter, Producer",1970,6.6,7.657,0,1,0,0,0,0,0,0,1,0,0,0,0,0,0,0,0,0,100489151,10000000,137,1,0,0,0,0,0,0,1,0,0,0,0,0,0,0,0,0,0,0,0,1,0,0,0.0,0.0,0.0,0.0,1.0
Five Easy Pieces,0,"Bob Rafelson and Richard Wechsler, Producers",1970,7.5,5.525,0,0,0,0,1,0,0,0,0,0,0,0,0,0,1,0,0,0,0,0,98,0,0,0,0,0,0,0,1,0,0,0,0,0,0,0,0,0,0,0,0,0,0,0,0.0,0.0,0.0,0.0,0.0
Love Story,0,"Howard G. Minsky, Producer",1970,6.9,7.17,0,0,1,0,0,0,0,0,0,0,0,0,0,0,0,0,0,1,136400000,2200000,99,0,0,0,0,0,0,0,1,0,0,0,0,0,0,0,0,1,0,0,0,0,0,0,0.0,0.0,0.0,0.0,0.0
MASH,1,"Ingo Preminger, Producer",1970,7.6,8.389,0,0,0,0,1,0,1,0,0,0,0,0,0,0,0,0,0,0,81600000,3500000,116,0,0,0,0,1,0,0,1,0,0,0,0,0,0,0,0,0,0,0,0,0,1,0,0.0,0.0,0.0,0.0,0.0
Patton,1,"Frank McCarthy, Producer",1970,8.0,11.655,0,0,1,0,0,0,1,0,0,0,0,0,0,0,0,0,0,0,89800000,12000000,172,0,0,0,1,0,0,0,1,0,0,0,0,0,0,0,0,0,0,0,0,0,1,0,1.0,0.0,1.0,0.0,0.0
A Clockwork Orange,0,"Stanley Kubrick, Producer",1971,8.3,22.491999999999997,0,0,0,0,1,0,0,0,0,0,0,0,0,0,0,0,0,1,26589000,2200000,136,0,0,0,0,0,1,0,1,0,0,0,0,0,0,0,0,0,1,0,0,0,0,0,0.0,0.0,0.0,0.0,0.0
Fiddler on the Roof,0,"Norman Jewison, Producer",1971,8.0,10.117,0,1,0,0,0,0,0,0,0,0,0,0,0,0,0,0,1,0,83304330,9000000,181,0,0,0,0,0,0,0,1,1,0,0,0,0,0,1,0,1,0,0,0,0,0,0,0.0,0.0,0.0,0.0,0.0
The French Connection,1,"Philip D'Antoni, Producer",1971,7.8,12.37,0,0,0,0,1,0,0,0,0,0,0,0,0,0,0,1,0,0,41158757,1800000,104,1,0,0,0,0,1,0,1,0,0,0,0,0,0,0,0,0,0,0,0,1,0,0,1.0,0.0,1.0,0.0,0.0
The Last Picture Show,0,"Stephen J. Friedman, Producer",1971,8.1,7.9239999999999995,0,0,0,0,1,0,0,0,0,0,0,0,0,0,0,1,0,0,29133000,1300000,119,0,0,0,0,0,0,0,1,0,0,0,0,0,0,0,0,0,0,0,0,0,0,0,0.0,0.0,0.0,1.0,1.0
Nicholas and Alexandra,0,"Sam Spiegel, Producer",1971,7.3,4.527,0,0,1,0,0,0,0,0,0,0,0,0,0,0,0,0,1,0,0,0,189,0,0,0,1,0,0,0,1,0,0,0,1,0,0,0,0,0,0,0,0,0,1,0,0.0,0.0,0.0,0.0,0.0
Cabaret,0,"Cy Feuer, Producer",1972,7.8,8.554,0,0,1,0,0,0,0,1,0,0,0,0,0,0,0,0,0,0,0,6000000,124,0,0,0,0,0,0,0,1,0,0,0,0,0,0,1,0,0,0,0,0,0,0,0,0.0,1.0,1.0,1.0,0.0
Deliverance,0,"John Boorman, Producer",1972,7.7,7.221,0,0,0,0,1,0,0,0,0,0,0,0,1,0,0,0,0,0,46122355,2000000,109,0,1,0,0,0,0,0,1,0,0,0,0,0,0,0,0,0,0,0,0,1,0,0,0.0,0.0,0.0,0.0,0.0
The Emigrants,0,"Bengt Forslund, Producer",1972,8.0,4.878,0,0,1,0,0,0,0,0,1,0,0,0,0,0,0,0,0,0,0,0,191,0,0,0,0,0,0,0,1,0,0,0,1,0,0,0,0,0,0,0,0,0,0,0,0.0,0.0,0.0,0.0,0.0
The Godfather,1,"Albert S. Ruddy, Producer",1972,9.2,29.89,0,0,0,0,1,0,0,0,1,0,0,0,0,0,0,0,0,0,245066411,6000000,175,0,0,0,0,0,1,0,1,0,0,0,0,0,0,0,0,0,0,0,0,0,0,0,1.0,0.0,0.0,0.0,0.0
Sounder,0,"Robert B. Radnitz, Producer",1972,7.6,0.85,0,1,0,0,0,0,0,0,0,0,0,0,0,0,1,0,0,0,0,0,105,0,0,0,0,0,0,0,1,1,0,0,0,0,0,0,0,0,0,0,0,0,0,0,0.0,0.0,0.0,0.0,0.0
American Graffiti,0,"Francis Ford Coppola, Producer; Gary Kurtz, Co-Producer",1973,7.5,10.177999999999999,0,0,1,0,0,0,0,0,0,0,0,0,0,1,0,0,0,0,140000000,777000,110,0,0,0,0,1,0,0,1,0,0,0,0,0,0,0,0,0,0,0,0,0,0,0,0.0,0.0,0.0,0.0,0.0
The Exorcist,0,"William Peter Blatty, Producer",1973,8.0,17.922,0,0,0,0,1,0,0,0,0,0,0,0,0,0,0,0,0,1,441306145,8000000,122,0,0,0,0,0,0,0,0,0,0,0,0,1,0,0,0,0,0,0,0,0,0,0,0.0,0.0,0.0,0.0,0.0
The Sting,1,"Tony Bill, Michael Phillips and Julia Phillips, Producers",1973,8.3,9.249,0,0,1,0,0,0,0,0,0,0,0,0,0,0,0,0,0,1,159616327,5500000,129,0,0,0,0,1,1,0,1,0,0,0,0,0,0,0,0,0,0,0,0,0,0,0,0.0,0.0,1.0,0.0,0.0
A Touch of Class,0,"Melvin Frank, Producer",1973,6.5,1.808,0,0,1,0,0,0,1,0,0,0,0,0,0,0,0,0,0,0,0,0,106,0,0,0,0,1,0,0,0,0,0,0,0,0,0,0,0,1,0,0,0,0,0,0,0.0,1.0,0.0,0.0,0.0
Chinatown,0,"Robert Evans, Producer",1974,8.2,12.392000000000001,0,0,0,0,1,0,0,0,0,0,0,1,0,0,0,0,0,0,30000000,6000000,130,0,0,0,0,0,0,0,1,0,0,0,0,0,0,0,1,0,0,0,0,1,0,0,0.0,0.0,0.0,0.0,0.0
The Conversation,0,"Francis Ford Coppola, Producer; Fred Roos, Co-Producer",1974,7.9,5.996,0,0,1,0,0,0,0,0,0,1,0,0,0,0,0,0,0,0,4420000,1600000,113,0,0,0,0,0,0,0,1,0,0,0,0,0,0,0,1,0,0,0,0,1,0,0,0.0,0.0,0.0,0.0,0.0
The Godfather Part II,1,"Francis Ford Coppola, Producer; Gray Frederickson and Fred Roos, Co-Producers",1974,9.0,22.741,0,0,0,0,1,0,0,0,0,0,0,0,0,0,0,0,0,1,102600000,13000000,200,0,0,0,0,0,1,0,1,0,0,0,0,0,0,0,0,0,0,0,0,0,0,0,0.0,0.0,1.0,1.0,0.0
Lenny,0,"Marvin Worth, Producer",1974,7.6,3.8160000000000003,0,0,0,0,1,0,0,0,0,0,0,0,0,0,0,0,1,0,0,0,111,0,0,0,1,0,0,0,1,0,0,0,0,0,0,0,0,0,0,0,0,0,0,0,0.0,0.0,0.0,0.0,0.0
The Towering Inferno,0,"Irwin Allen, Producer",1974,6.9,10.084,0,0,1,0,0,0,0,0,0,0,0,0,0,0,0,0,0,1,116000000,14000000,159,1,0,0,0,0,0,0,1,0,0,0,0,0,0,0,0,0,0,0,0,1,0,0,0.0,0.0,0.0,0.0,0.0
Barry Lyndon,0,"Stanley Kubrick, Producer",1975,8.1,8.797,0,0,1,0,0,0,0,0,0,0,0,0,0,0,0,0,1,0,20000000,11000000,184,0,1,0,0,0,0,0,1,0,0,0,1,0,0,0,0,0,0,0,0,0,1,0,0.0,0.0,0.0,0.0,0.0
Dog Day Afternoon,0,"Martin Bregman and Martin Elfand, Producers",1975,8.0,17.014,0,0,0,0,1,0,0,0,0,0,0,0,0,1,0,0,0,0,46665856,1800000,125,0,0,0,1,0,1,0,1,0,0,0,0,0,0,0,0,0,0,0,0,1,0,0,0.0,0.0,0.0,0.0,0.0
Jaws,0,"Richard D. Zanuck and David Brown, Producers",1975,8.0,16.099,0,0,1,0,0,0,0,0,0,0,0,1,0,0,0,0,0,0,470700000,7000000,124,0,1,0,0,0,0,0,1,0,0,0,0,0,0,0,0,0,0,0,0,1,0,0,0.0,0.0,0.0,0.0,0.0
One Flew over the Cuckoo's Nest,1,"Saul Zaentz and Michael Douglas, Producers",1975,8.7,26.951999999999998,0,0,0,0,1,0,0,0,0,0,0,0,0,0,0,0,1,0,108981275,3000000,133,0,0,0,0,0,0,0,1,0,0,0,0,0,0,0,0,0,0,0,0,0,0,0,1.0,1.0,1.0,0.0,0.0
All the President's Men,0,"Walter Coblenz, Producer",1976,8.0,17.277,0,0,1,0,0,0,0,0,0,1,0,0,0,0,0,0,0,0,70600000,8500000,138,0,0,0,1,0,0,0,1,0,0,0,1,0,0,0,0,0,0,0,0,1,0,0,0.0,0.0,0.0,1.0,0.0
Bound for Glory,0,"Robert F. Blumofe and Harold Leventhal, Producers",1976,7.3,3.313,0,0,1,0,0,0,0,0,0,0,0,0,0,0,0,0,0,1,0,0,147,0,0,0,1,0,0,0,1,0,0,0,0,0,1,0,0,0,0,0,0,0,0,0,0.0,0.0,0.0,0.0,0.0
Network,0,"Howard Gottfried, Producer",1976,8.1,8.488999999999999,0,0,0,0,1,0,0,0,0,0,0,0,0,0,0,0,1,0,23689877,3800000,122,0,0,0,0,0,0,0,1,0,0,0,0,0,0,0,0,0,0,0,0,0,0,0,1.0,1.0,0.0,0.0,1.0
Rocky,1,"Irwin Winkler and Robert Chartoff, Producers",1976,8.1,36.735,0,0,1,0,0,0,0,0,0,0,0,0,0,0,0,0,1,0,117235147,1000000,119,0,0,0,0,0,0,0,1,0,0,0,0,0,0,0,0,0,0,0,1,0,0,0,0.0,0.0,1.0,0.0,0.0
Taxi Driver,0,"Michael Phillips and Julia Phillips, Producers",1976,8.3,17.535999999999998,0,0,0,0,1,0,0,1,0,0,0,0,0,0,0,0,0,0,28262574,1300000,114,0,0,0,0,0,1,0,1,0,0,0,0,0,0,0,0,0,0,0,0,0,0,0,0.0,0.0,0.0,0.0,0.0
Annie Hall,1,"Charles H. Joffe, Producer",1977,8.0,9.568999999999999,0,0,1,0,0,0,0,0,0,1,0,0,0,0,0,0,0,0,38251425,4000000,93,0,0,0,0,1,0,0,0,0,0,0,0,0,0,0,0,1,0,0,0,0,0,0,0.0,1.0,1.0,0.0,0.0
The Goodbye Girl,0,"Ray Stark, Producer",1977,7.4,3.864,0,0,1,0,0,0,0,0,0,0,0,0,0,0,0,0,1,0,102000000,0,111,0,0,0,0,1,0,0,1,0,0,0,0,0,0,0,0,1,0,0,0,0,0,0,1.0,0.0,0.0,0.0,0.0
Julia,0,"Richard Roth, Producer",1977,7.3,4.765,0,0,1,0,0,0,0,0,0,0,0,0,0,0,0,1,0,0,0,0,117,0,0,0,0,0,0,0,1,0,0,0,0,0,0,0,0,0,0,0,0,0,0,0,0.0,0.0,0.0,1.0,1.0
Star Wars,0,"Gary Kurtz, Producer",1977,8.6,34.726,0,0,1,0,0,0,0,0,0,0,1,0,0,0,0,0,0,0,775398007,11000000,121,1,1,0,0,0,0,0,0,0,1,0,0,0,0,0,0,0,1,0,0,0,0,0,0.0,0.0,0.0,0.0,0.0
The Turning Point,0,"Herbert Ross and Arthur Laurents, Producers",1977,6.9,1.902,0,0,1,0,0,0,0,0,0,0,0,0,0,0,0,0,1,0,0,0,119,0,0,0,0,0,0,0,1,0,0,0,0,0,0,0,0,1,0,0,0,0,0,0,0.0,0.0,0.0,0.0,0.0
Coming Home,0,"Jerome Hellman, Producer",1978,7.3,4.275,0,0,0,0,1,0,0,1,0,0,0,0,0,0,0,0,0,0,0,3000000,127,0,0,0,0,0,0,0,1,0,0,0,0,0,0,0,0,1,0,0,0,0,1,0,1.0,1.0,0.0,0.0,0.0
The Deer Hunter,1,"Barry Spikings, Michael Deeley, Michael Cimino and John Peverall, Producers",1978,8.1,11.895999999999999,0,0,0,0,1,0,0,0,0,0,0,0,0,0,0,0,0,1,50000000,15000000,183,0,0,0,0,0,0,0,1,0,0,0,0,0,0,0,0,0,0,0,0,0,1,0,0.0,0.0,1.0,1.0,0.0
Heaven Can Wait,0,"Warren Beatty, Producer",1978,6.9,5.95,0,0,1,0,0,0,0,0,0,0,0,1,0,0,0,0,0,0,0,0,101,0,0,0,0,1,0,0,0,0,1,0,0,0,0,0,0,1,0,0,1,0,0,0,0.0,0.0,0.0,0.0,0.0
Midnight Express,0,"Alan Marshall and David Puttnam, Producers",1978,7.6,9.67,0,0,0,0,1,0,0,0,0,0,0,0,0,0,1,0,0,0,35000000,2300000,121,0,0,0,1,0,1,0,1,0,0,0,0,0,0,0,0,0,0,0,0,1,0,0,0.0,0.0,0.0,0.0,0.0
An Unmarried Woman,0,"Paul Mazursky and Tony Ray, Producers",1978,7.2,1.335,0,0,0,0,1,0,0,0,0,0,1,0,0,0,0,0,0,0,24000000,2515000,124,0,0,0,0,1,0,0,1,0,0,0,0,0,0,0,0,1,0,0,0,0,0,0,0.0,0.0,0.0,0.0,0.0
All That Jazz,0,"Robert Alan Aurthur, Producer",1979,7.8,7.303999999999999,0,0,0,0,1,0,0,0,0,0,0,0,0,0,0,0,0,1,37823676,0,123,0,0,0,0,1,0,0,1,0,0,0,0,0,1,0,0,0,0,0,0,0,0,0,0.0,0.0,0.0,0.0,0.0
Apocalypse Now,0,"Francis Coppola, Producer; Fred Roos, Gray Frederickson and Tom Sternberg, Co-Producers",1979,8.5,16.83,0,0,0,0,1,0,0,0,0,0,0,0,0,1,0,0,0,0,89460381,31500000,147,0,0,0,0,0,0,0,1,0,0,0,0,0,0,0,0,0,0,0,0,0,1,0,0.0,0.0,0.0,0.0,0.0
Breaking Away,0,"Peter Yates, Producer",1979,7.7,6.513999999999999,0,0,1,0,0,0,0,0,0,0,1,0,0,0,0,0,0,0,20000000,2300000,100,0,0,0,0,1,0,0,1,0,0,0,0,0,0,0,0,1,0,0,1,0,0,0,0.0,0.0,0.0,0.0,0.0
Kramer vs. Kramer,1,"Stanley R. Jaffe, Producer",1979,7.8,8.818,0,0,1,0,0,0,0,0,0,0,0,0,0,0,0,0,0,1,106260000,8000000,105,0,0,0,0,0,0,0,1,0,0,0,0,0,0,0,0,0,0,0,0,0,0,0,1.0,0.0,1.0,0.0,1.0
Norma Rae,0,"Tamara Asseyev and Alex Rose, Producers",1979,7.4,4.397,0,0,1,0,0,0,0,0,1,0,0,0,0,0,0,0,0,0,22228000,0,110,0,0,0,0,0,0,0,1,0,0,0,0,0,0,0,0,0,0,0,0,0,0,0,0.0,1.0,0.0,0.0,0.0
Coal Miner's Daughter,0,"Bernard Schwartz, Producer",1980,7.5,5.777,0,0,1,0,0,0,0,0,1,0,0,0,0,0,0,0,0,0,67182787,15000000,125,0,0,0,1,0,0,0,1,0,0,0,0,0,1,1,0,0,0,0,0,0,0,0,0.0,1.0,0.0,0.0,0.0
The Elephant Man,0,"Jonathan Sanger, Producer",1980,8.2,10.216000000000001,0,0,1,0,0,0,0,0,0,0,0,0,0,0,0,1,0,0,26010864,5000000,124,0,0,0,1,0,0,0,1,0,0,0,0,0,0,0,0,0,0,0,0,0,0,0,0.0,0.0,0.0,0.0,0.0
Ordinary People,1,"Ronald L. Schwary, Producer",1980,7.8,7.461,0,0,0,0,1,0,0,0,0,0,0,0,0,0,1,0,0,0,0,6000000,124,0,0,0,0,0,0,0,1,0,0,0,0,0,0,0,0,0,0,0,0,0,0,0,0.0,0.0,1.0,1.0,0.0
Raging Bull,0,"Irwin Winkler and Robert Chartoff, Producers",1980,8.2,10.936,0,0,0,0,1,0,0,0,0,0,0,0,0,0,0,0,1,0,23000000,18000000,129,0,0,0,1,0,0,0,1,0,0,0,0,0,0,0,0,0,0,0,1,0,0,0,1.0,0.0,0.0,0.0,0.0
Tess,0,"Claude Berri, Producer; Timothy Burrill, Co-Producer",1980,7.3,7.688,0,0,1,0,0,0,0,0,0,0,0,0,0,0,0,1,0,0,0,0,171,0,0,0,0,0,0,0,1,0,0,0,0,0,0,0,0,1,0,0,0,0,0,0,0.0,0.0,0.0,0.0,0.0
Atlantic City,0,"Denis Heroux and John Kemeny, Producers",1981,7.4,4.948,0,0,0,0,1,0,0,0,0,0,0,0,0,0,1,0,0,0,12729675,7200000,104,0,0,0,0,0,1,0,1,0,0,0,0,0,0,0,0,1,0,0,0,0,0,0,0.0,0.0,0.0,0.0,0.0
Chariots of Fire,1,"David Puttnam, Producer",1981,7.2,7.854,0,0,1,0,0,0,0,0,0,0,1,0,0,0,0,0,0,0,58972904,5500000,123,0,0,0,1,0,0,0,1,0,0,0,0,0,0,0,0,0,0,0,1,0,0,0,0.0,0.0,0.0,0.0,0.0
On Golden Pond,0,"Bruce Gilbert, Producer",1981,7.7,6.287999999999999,0,0,1,0,0,0,0,0,0,0,0,0,0,0,0,0,0,1,19255967,0,109,0,0,0,0,0,0,0,1,0,0,0,0,0,0,0,0,0,0,0,0,0,0,0,1.0,1.0,0.0,0.0,0.0
Raiders of the Lost Ark,0,"Frank Marshall, Producer",1981,8.5,25.633000000000003,0,0,1,0,0,0,0,0,0,0,0,1,0,0,0,0,0,0,389925971,18000000,115,1,1,0,0,0,0,0,0,0,0,0,0,0,0,0,0,0,0,0,0,0,0,0,0.0,0.0,0.0,0.0,0.0
Reds,0,"Warren Beatty, Producer",1981,7.4,5.905,0,0,1,0,0,0,0,0,0,0,0,0,0,0,0,0,0,1,40382659,32000000,195,0,0,0,1,0,0,0,1,0,0,0,1,0,0,0,0,1,0,0,0,0,0,0,0.0,0.0,1.0,0.0,1.0
E.T. The Extra-Terrestrial,0,"Steven Spielberg and Kathleen Kennedy, Producers",1982,7.9,21.267,0,0,1,0,0,0,0,0,0,0,0,1,0,0,0,0,0,0,792965326,10500000,115,0,0,0,0,0,0,0,0,1,0,0,0,0,0,0,0,0,1,0,0,0,0,0,0.0,0.0,0.0,0.0,0.0
Gandhi,1,"Richard Attenborough, Producer",1982,8.1,14.773,0,0,1,0,0,0,0,0,0,0,0,0,0,0,0,0,1,0,77737889,22000000,191,0,0,0,1,0,0,0,1,0,0,0,1,0,0,0,0,0,0,0,0,0,0,0,1.0,0.0,1.0,0.0,0.0
Missing,0,"Edward Lewis and Mildred Lewis, Producers",1982,7.8,5.978,0,0,1,0,0,0,0,1,0,0,0,0,0,0,0,0,0,0,14000000,0,122,0,0,0,1,0,0,0,1,0,0,0,1,0,0,0,0,0,0,0,0,0,0,0,0.0,0.0,0.0,0.0,0.0
Tootsie,0,"Sydney Pollack and Dick Richards, Producers",1982,7.4,7.809,0,0,1,0,0,0,0,0,0,0,0,0,0,0,0,0,0,1,177200000,21000000,116,0,0,0,0,1,0,0,1,0,0,0,0,0,0,0,0,1,0,0,0,0,0,0,0.0,0.0,0.0,0.0,1.0
The Verdict,0,"Richard D. Zanuck and David Brown, Producers",1982,7.8,8.318999999999999,0,0,0,0,1,0,0,0,0,0,0,0,0,0,0,0,0,1,53977250,16000000,129,0,0,0,0,0,0,0,1,0,0,0,0,0,0,0,0,0,0,0,0,0,0,0,0.0,0.0,0.0,0.0,0.0
The Big Chill,0,"Michael Shamberg, Producer",1983,7.2,6.558,0,0,0,0,1,0,0,0,0,0,0,0,0,0,1,0,0,0,0,0,105,0,0,0,0,1,0,0,1,0,0,0,0,0,0,0,0,0,0,0,0,0,0,0,0.0,0.0,0.0,0.0,0.0
The Dresser,0,"Peter Yates, Producer",1983,7.7,1.286,0,0,1,0,0,0,0,0,0,0,0,0,0,0,0,0,0,1,0,0,118,0,0,0,0,0,0,0,1,0,0,0,0,0,0,0,0,0,0,0,0,0,0,0,0.0,0.0,0.0,0.0,0.0
The Right Stuff,0,"Irwin Winkler and Robert Chartoff, Producers",1983,7.9,8.486,0,0,1,0,0,0,0,0,0,0,0,0,0,0,0,1,0,0,21500000,27000000,193,0,1,0,1,0,0,0,1,0,0,0,1,0,0,0,0,0,0,0,0,0,0,0,0.0,0.0,0.0,0.0,0.0
Tender Mercies,0,"Philip S. Hobel, Producer",1983,7.4,2.99,0,0,1,0,0,0,0,0,0,1,0,0,0,0,0,0,0,0,0,0,92,0,0,0,0,0,0,0,1,0,0,0,0,0,1,0,0,0,0,0,0,0,0,0,1.0,0.0,0.0,0.0,0.0
Terms of Endearment,1,"James L. Brooks, Producer",1983,7.4,7.401,0,0,1,0,0,0,0,0,0,0,0,0,0,0,0,0,1,0,0,8000000,132,0,0,0,0,1,0,0,1,0,0,0,0,0,0,0,0,0,0,0,0,0,0,0,0.0,1.0,1.0,1.0,0.0
Amadeus,1,"Saul Zaentz, Producer",1984,8.3,13.039000000000001,0,0,0,0,1,0,0,0,0,0,0,0,0,0,0,1,0,0,51973029,18000000,160,0,0,0,1,0,0,0,1,0,0,0,1,0,1,0,0,0,0,0,0,0,0,0,1.0,0.0,1.0,0.0,0.0
The Killing Fields,0,"David Puttnam, Producer",1984,7.9,7.042999999999999,0,0,0,0,1,0,0,0,0,0,0,0,0,0,0,0,1,0,34700291,14400000,141,0,0,0,1,0,0,0,1,0,0,0,1,0,0,0,0,0,0,0,0,0,1,0,0.0,0.0,0.0,1.0,0.0
A Passage to India,0,"John Brabourne and Richard Goodwin, Producers",1984,7.4,6.766,0,0,1,0,0,0,0,0,0,0,0,0,0,0,0,0,0,1,27187653,8000000,163,0,1,0,0,0,0,0,1,0,0,0,1,0,0,0,0,0,0,0,0,0,0,0,0.0,0.0,0.0,0.0,1.0
Places in the Heart,0,"Arlene Donovan, Producer",1984,7.4,4.2,0,0,1,0,0,0,0,0,0,0,0,0,0,0,1,0,0,0,0,0,111,0,0,0,0,0,0,0,1,0,0,0,0,0,0,0,0,0,0,0,0,0,0,0,0.0,1.0,0.0,0.0,0.0
A Soldier's Story,0,"Norman Jewison, Ronald L. Schwary and Patrick Palmer, Producers",1984,7.2,4.111000000000001,0,0,1,0,0,0,0,0,0,0,0,0,0,0,1,0,0,0,21821347,6000000,101,0,0,0,0,0,1,0,1,0,0,0,0,0,0,0,1,0,0,0,0,0,0,0,0.0,0.0,0.0,0.0,0.0
The Color Purple,0,"Steven Spielberg, Kathleen Kennedy, Frank Marshall and Quincy Jones, Producers",1985,7.8,8.424,0,0,0,1,0,0,0,0,0,0,0,0,0,0,0,0,0,1,146292009,15000000,154,0,0,0,0,0,0,0,1,0,0,0,0,0,0,0,0,0,0,0,0,0,0,0,0.0,0.0,0.0,0.0,0.0
Kiss of the Spider Woman,0,"David Weisman, Producer",1985,7.4,4.9030000000000005,0,0,0,0,1,0,0,0,0,0,0,0,1,0,0,0,0,0,0,0,120,0,0,0,0,0,0,0,1,0,0,0,0,0,0,0,0,0,0,0,0,0,0,0,1.0,0.0,0.0,0.0,0.0
Out of Africa,1,"Sydney Pollack, Producer",1985,7.2,7.63,0,0,1,0,0,0,0,0,0,0,0,0,0,0,0,0,0,1,128499205,31000000,161,0,0,0,1,0,0,0,1,0,0,0,0,0,0,0,0,1,0,0,0,0,0,0,0.0,0.0,1.0,0.0,0.0
Prizzi's Honor,0,"John Foreman, Producer",1985,6.8,7.239,0,0,0,0,1,0,0,0,0,0,0,1,0,0,0,0,0,0,26657534,0,124,0,0,0,0,1,1,0,1,0,0,0,0,0,0,0,0,0,0,0,0,0,0,0,0.0,0.0,0.0,0.0,1.0
Witness,0,"Edward S. Feldman, Producer",1985,7.4,7.515,0,0,0,0,1,0,0,1,0,0,0,0,0,0,0,0,0,0,68706993,12000000,113,0,0,0,0,0,1,0,1,0,0,0,0,0,0,0,0,1,0,0,0,1,0,0,0.0,0.0,0.0,0.0,0.0
Children of a Lesser God,0,"Burt Sugarman and Patrick Palmer, Producers",1986,7.2,6.905,0,0,0,0,1,0,0,0,0,0,0,0,0,0,1,0,0,0,31853080,0,119,0,0,0,0,0,0,0,1,0,0,0,0,0,0,0,0,1,0,0,0,0,0,0,0.0,1.0,0.0,0.0,0.0
Hannah and Her Sisters,0,"Robert Greenhut, Producer",1986,7.9,11.675999999999998,0,0,0,1,0,0,0,1,0,0,0,0,0,0,0,0,0,0,40084041,6400000,107,0,0,0,0,1,0,0,1,0,0,0,0,0,0,0,0,0,0,0,0,0,0,0,0.0,0.0,0.0,1.0,1.0
The Mission,0,"Fernando Ghia and David Puttnam, Producers",1986,7.5,7.074,0,0,1,0,0,0,0,0,0,0,0,0,0,0,1,0,0,0,17218023,24500000,126,0,1,0,0,0,0,0,1,0,0,0,1,0,0,0,0,0,0,0,0,0,0,0,0.0,0.0,0.0,0.0,0.0
Platoon,1,"Arnold Kopelson, Producer",1986,8.1,13.081,0,0,0,0,1,0,0,0,0,0,0,0,0,0,0,0,0,1,138530565,6000000,120,0,0,0,0,0,0,0,1,0,0,0,0,0,0,0,0,0,0,0,0,0,1,0,0.0,0.0,1.0,0.0,0.0
A Room with a View,0,"Ismail Merchant, Producer",1986,7.4,7.391,0,0,0,0,0,1,0,0,0,0,0,0,0,0,0,0,0,1,20966644,3000000,117,0,0,0,0,0,0,0,1,0,0,0,0,0,0,0,0,1,0,0,0,0,0,0,0.0,0.0,0.0,0.0,0.0
Broadcast News,0,"James L. Brooks, Producer",1987,7.2,5.95,0,0,0,0,1,0,0,0,0,0,0,0,0,0,0,0,0,1,51249404,20000000,133,0,0,0,0,1,0,0,1,0,0,0,0,0,0,0,0,1,0,0,0,0,0,0,0.0,0.0,0.0,0.0,0.0
Fatal Attraction,0,"Stanley R. Jaffe and Sherry Lansing, Producers",1987,6.9,11.56,0,0,0,0,1,0,0,0,0,0,0,0,0,0,1,0,0,0,320145693,14000000,119,0,0,0,0,0,0,0,1,0,0,0,0,0,0,0,0,0,0,0,0,1,0,0,0.0,0.0,0.0,0.0,0.0
Hope and Glory,0,"John Boorman, Producer",1987,7.4,2.995,0,0,0,1,0,0,0,0,0,0,0,0,0,0,1,0,0,0,0,0,113,0,0,0,0,1,0,0,1,0,0,0,0,0,0,0,0,1,0,0,0,0,0,0,0.0,0.0,0.0,0.0,0.0
The Last Emperor,1,"Jeremy Thomas, Producer",1987,7.8,10.380999999999998,0,0,0,1,0,0,0,0,0,0,0,0,0,0,0,1,0,0,43984230,23000000,163,0,0,0,1,0,0,0,1,0,0,0,1,0,0,0,0,0,0,0,0,0,0,0,0.0,0.0,1.0,0.0,0.0
Moonstruck,0,"Patrick Palmer and Norman Jewison, Producers",1987,7.1,9.935,0,0,1,0,0,0,0,0,0,0,0,0,0,0,0,0,0,1,80640528,0,102,0,0,0,0,1,0,0,1,0,0,0,0,0,0,0,0,1,0,0,0,0,0,0,0.0,1.0,0.0,0.0,1.0
The Accidental Tourist,0,"Lawrence Kasdan, Charles Okun and Michael Grillo, Producers",1988,6.8,4.859,0,0,1,0,0,0,0,0,0,0,0,0,0,0,0,0,0,1,0,0,121,0,0,0,0,0,0,0,1,0,0,0,0,0,0,0,0,1,0,0,0,0,0,0,0.0,0.0,0.0,0.0,1.0
Dangerous Liaisons,0,"Norma Heyman and Hank Moonjean, Producers",1988,7.6,7.489,0,0,0,0,1,0,0,0,0,0,0,0,0,0,0,0,0,1,34670720,14000000,119,0,0,0,0,0,0,0,1,0,0,0,0,0,0,0,0,1,0,0,0,0,0,0,0.0,0.0,0.0,0.0,0.0
Mississippi Burning,0,"Frederick Zollo and Robert F. Colesberry, Producers",1988,7.8,8.551,0,0,0,0,1,0,0,0,0,0,0,0,0,0,0,0,0,1,34604000,15000000,128,0,0,0,0,0,1,0,1,0,0,0,1,0,0,0,0,0,0,0,0,0,0,0,0.0,0.0,0.0,0.0,0.0
Rain Man,1,"Mark Johnson, Producer",1988,8.0,15.23,0,0,0,0,1,0,0,0,0,0,0,0,0,0,0,0,0,1,412800000,25000000,134,0,0,0,0,0,0,0,1,0,0,0,0,0,0,0,0,0,0,0,0,0,0,0,1.0,0.0,1.0,0.0,0.0
Working Girl,0,"Douglas Wick, Producer",1988,6.8,8.749,0,0,0,0,1,0,0,0,0,0,0,0,0,0,0,0,0,1,103173635,28000000,114,0,0,0,0,1,0,0,1,0,0,0,0,0,0,0,0,1,0,0,0,0,0,0,0.0,0.0,0.0,0.0,0.0
Born on the Fourth of July,0,"A. Kitman Ho and Oliver Stone, Producers",1989,7.2,10.838,0,0,0,0,1,0,0,0,0,0,0,0,0,0,0,0,0,1,161001698,14000000,145,0,0,0,1,0,0,0,1,0,0,0,0,0,0,0,0,0,0,0,0,0,1,0,0.0,0.0,1.0,0.0,0.0
Dead Poets Society,0,"Steven Haft, Paul Junger Witt and Tony Thomas, Producers",1989,8.1,16.914,0,0,1,0,0,0,0,0,0,0,0,1,0,0,0,0,0,0,235860116,16400000,128,0,0,0,0,1,0,0,1,0,0,0,0,0,0,0,0,0,0,0,0,0,0,0,0.0,0.0,0.0,0.0,0.0
Driving Miss Daisy,1,"Richard D. Zanuck and Lili Fini Zanuck, Producers",1989,7.4,11.777000000000001,0,0,1,0,0,0,0,0,0,0,0,0,0,0,0,0,0,1,145793296,7500000,99,0,0,0,0,0,0,0,1,0,0,0,0,0,0,0,0,0,0,0,0,0,0,0,0.0,1.0,0.0,0.0,0.0
Field of Dreams,0,"Lawrence Gordon and Charles Gordon, Producers",1989,7.5,11.847000000000001,0,0,1,0,0,0,0,0,0,1,0,0,0,0,0,0,0,0,84431625,0,107,0,0,0,0,0,0,0,1,1,1,0,0,0,0,0,0,0,0,0,1,0,0,0,0.0,0.0,0.0,0.0,0.0
My Left Foot,0,"Noel Pearson, Producer",1989,7.9,8.926,0,0,0,0,1,0,0,0,0,0,0,0,1,0,0,0,0,0,14743391,645180,103,0,0,0,1,0,0,0,1,0,0,0,0,0,0,0,0,0,0,0,0,0,0,0,1.0,0.0,0.0,0.0,1.0
Awakenings,0,"Walter F. Parkes and Lawrence Lasker, Producers",1990,7.8,15.392000000000001,0,0,0,1,0,0,0,0,0,0,0,0,0,0,0,0,0,1,52096475,0,120,0,0,0,1,0,0,0,1,0,0,0,0,0,0,0,0,0,0,0,0,0,0,0,0.0,0.0,0.0,0.0,0.0
Dances With Wolves,1,"Jim Wilson and Kevin Costner, Producers",1990,8.0,16.2,0,0,0,1,0,0,0,0,0,0,0,0,0,0,0,0,1,0,424208848,22000000,181,0,1,0,0,0,0,0,1,0,0,0,0,0,0,0,0,0,0,0,0,0,0,1,0.0,0.0,1.0,0.0,0.0
Ghost,0,"Lisa Weinstein, Producer",1990,7.0,13.86,0,0,0,1,0,0,0,0,0,0,0,0,1,0,0,0,0,0,505000000,22000000,127,0,0,0,0,0,0,0,1,0,1,0,0,0,0,0,0,1,0,0,0,0,0,0,0.0,0.0,0.0,0.0,1.0
"The Godfather, Part III",0,"Francis Ford Coppola, Producer",1990,7.6,15.661,0,0,0,0,1,0,0,0,0,0,0,0,0,0,0,0,0,1,136766062,54000000,162,0,0,0,0,0,1,0,1,0,0,0,0,0,0,0,0,0,0,0,0,0,0,0,0.0,0.0,0.0,0.0,0.0
Good Fellas,0,"Irwin Winkler, Producer",1990,0.0,11.853,0,0,0,0,0,0,0,0,0,1,0,0,0,0,0,0,0,0,2500000,927262,107,0,0,0,0,1,0,0,0,0,0,0,0,0,0,0,0,0,0,0,0,0,0,0,0.0,0.0,0.0,1.0,0.0
Beauty and the Beast,0,"Don Hahn, Producer",1991,8.0,21.628,0,1,0,0,0,0,0,0,0,0,0,0,0,0,0,0,1,0,377350553,25000000,84,0,0,1,0,0,0,0,0,1,1,0,0,0,0,1,0,1,0,0,0,0,0,0,0.0,0.0,0.0,0.0,0.0
Bugsy,0,"Mark Johnson, Barry Levinson and Warren Beatty, Producers",1991,6.8,6.425,0,0,0,0,1,0,0,0,0,0,0,0,0,0,0,0,0,1,49114016,30000000,134,0,0,0,1,0,1,0,1,0,0,0,0,0,0,0,0,0,0,0,0,0,0,0,0.0,0.0,0.0,0.0,0.0
JFK,0,"A. Kitman Ho and Oliver Stone, Producers",1991,8.0,8.839,0,0,0,0,1,0,0,0,0,0,0,0,0,0,0,0,0,1,205405498,40000000,189,0,0,0,0,0,0,0,1,0,0,0,1,0,0,0,0,0,0,0,0,1,0,0,0.0,0.0,0.0,0.0,0.0
The Prince of Tides,0,"Barbra Streisand and Andrew Karsch, Producers",1991,6.7,6.093,0,0,0,0,1,0,0,0,0,0,0,0,0,0,0,0,0,1,74787599,30000000,132,0,0,0,0,0,0,0,1,0,0,0,0,0,0,0,0,1,0,0,0,0,0,0,0.0,0.0,0.0,0.0,0.0
The Silence of the Lambs,1,"Edward Saxon, Kenneth Utt and Ron Bozman, Producers",1991,8.6,3.9419999999999997,0,0,0,0,1,0,0,1,0,0,0,0,0,0,0,0,0,0,272742922,19000000,119,0,0,0,0,0,1,0,1,0,0,0,0,0,0,0,0,0,0,0,0,1,0,0,1.0,1.0,1.0,0.0,0.0
The Crying Game,0,"Stephen Woolley, Producer",1992,7.3,7.564,0,0,0,0,1,0,0,0,0,0,0,0,0,0,1,0,0,0,62548947,3705538,112,0,0,0,0,0,1,0,1,0,0,0,0,0,0,0,0,1,0,0,0,1,0,0,0.0,0.0,0.0,0.0,0.0
A Few Good Men,0,"David Brown, Rob Reiner and Andrew Scheinman, Producers",1992,7.7,10.863,0,0,0,0,1,0,0,0,0,0,0,0,0,0,0,0,0,1,243240178,40000000,138,0,0,0,0,0,0,0,1,0,0,0,0,0,0,0,0,0,0,0,0,1,0,0,0.0,0.0,0.0,0.0,0.0
Howards End,0,"Ismail Merchant, Producer",1992,7.5,8.043,0,0,1,0,0,0,0,0,1,0,0,0,0,0,0,0,0,0,26126837,0,140,0,0,0,0,0,0,0,1,0,0,0,0,0,0,0,0,1,0,0,0,0,0,0,0.0,1.0,0.0,0.0,0.0
Scent of a Woman,0,"Martin Brest, Producer",1992,8.0,9.954,0,0,0,0,1,0,0,0,0,0,0,0,0,0,0,0,0,1,134095253,31000000,157,0,0,0,0,0,0,0,1,0,0,0,0,0,0,0,0,0,0,0,0,0,0,0,1.0,0.0,0.0,0.0,0.0
Unforgiven,1,"Clint Eastwood, Producer",1992,8.2,16.236,0,0,0,0,1,0,0,0,0,0,0,0,0,1,0,0,0,0,159157447,14000000,131,0,0,0,0,0,0,0,1,0,0,0,0,0,0,0,0,0,0,0,0,0,0,1,0.0,0.0,1.0,1.0,0.0
The Fugitive,0,"Arnold Kopelson, Producer",1993,7.8,12.165,0,0,0,1,0,0,0,0,0,0,0,0,0,1,0,0,0,0,368875760,44000000,131,1,0,0,0,0,1,0,1,0,0,0,0,0,0,0,1,0,0,0,0,1,0,0,0.0,0.0,0.0,1.0,0.0
In the Name of the Father,0,"Jim Sheridan, Producer",1993,8.1,10.367,0,0,0,0,1,0,0,0,0,0,0,0,0,0,0,0,0,1,65796862,13000000,133,0,0,0,1,0,0,0,1,0,0,0,0,0,0,0,0,0,0,0,0,0,0,0,0.0,0.0,0.0,0.0,0.0
The Piano,0,"Jan Chapman, Producer",1993,7.6,8.411,0,0,0,0,1,0,0,0,0,0,1,0,0,0,0,0,0,0,116700000,7000000,121,0,0,0,0,0,0,0,1,0,0,0,0,0,1,0,0,1,0,0,0,0,0,0,0.0,1.0,0.0,0.0,1.0
The Remains of the Day,0,"Mike Nichols, John Calley and Ismail Merchant, Producers",1993,7.9,6.127999999999999,0,0,1,0,0,0,0,0,0,0,0,0,0,0,0,0,1,0,23237911,11500000,134,0,0,0,0,0,0,0,1,0,0,0,0,0,0,0,0,1,0,0,0,0,0,0,0.0,0.0,0.0,0.0,0.0
Schindler's List,1,"Steven Spielberg, Gerald R. Molen and Branko Lustig, Producers",1993,8.9,30.191,0,0,0,0,1,0,0,0,0,0,0,0,0,0,0,0,0,1,321365567,22000000,195,0,0,0,1,0,0,0,1,0,0,0,1,0,0,0,0,0,0,0,0,0,0,0,0.0,0.0,1.0,0.0,0.0
Forrest Gump,1,"Wendy Finerman, Steve Tisch and Steve Starkey, Producers",1994,8.8,29.936,0,0,0,1,0,0,0,0,0,0,0,0,1,0,0,0,0,0,677945399,55000000,142,0,0,0,0,0,0,0,1,0,0,0,0,0,0,0,0,1,0,0,0,0,0,0,1.0,0.0,1.0,0.0,0.0
Four Weddings and a Funeral,0,"Duncan Kenworthy, Producer",1994,7.1,12.887,0,0,0,0,1,0,0,0,1,0,0,0,0,0,0,0,0,0,254700832,6000000,117,0,0,0,0,1,0,0,1,0,0,0,0,0,0,0,0,1,0,0,0,0,0,0,0.0,0.0,0.0,0.0,0.0
Pulp Fiction,0,"Lawrence Bender, Producer",1994,8.9,28.313000000000002,0,0,0,0,1,0,0,0,0,0,0,0,0,0,1,0,0,0,213928762,8000000,154,0,0,0,0,0,1,0,1,0,0,0,0,0,0,0,0,0,0,0,0,0,0,0,0.0,0.0,0.0,0.0,0.0
Quiz Show,0,"Robert Redford, Michael Jacobs, Julian Krainin and Michael Nozik, Producers",1994,7.5,7.277,0,0,0,1,0,0,0,0,0,0,0,0,0,1,0,0,0,0,0,0,133,0,0,0,1,0,0,0,1,0,0,0,1,0,0,0,0,0,0,0,0,0,0,0,0.0,0.0,0.0,0.0,0.0
The Shawshank Redemption,0,"Niki Marvin, Producer",1994,9.3,30.156999999999996,0,0,0,0,1,0,0,0,0,0,0,0,0,0,1,0,0,0,28341469,25000000,142,0,0,0,0,0,0,0,1,0,0,0,0,0,0,0,0,0,0,0,0,0,0,0,0.0,0.0,0.0,0.0,0.0
Apollo 13,0,"Brian Grazer, Producer",1995,7.6,19.403,0,0,1,0,0,0,0,0,0,0,0,1,0,0,0,0,0,0,355237933,52000000,140,0,1,0,0,0,0,0,1,0,0,0,1,0,0,0,0,0,0,0,0,0,0,0,0.0,0.0,0.0,0.0,0.0
Babe,0,"George Miller, Doug Mitchell and Bill Miller, Producers",1995,6.8,11.437000000000001,0,1,0,0,0,0,0,0,0,0,0,0,1,0,0,0,0,0,254134910,30000000,89,0,0,0,0,1,0,0,1,1,0,0,0,0,0,0,0,0,0,0,0,0,0,0,0.0,0.0,0.0,0.0,0.0
Braveheart,1,"Mel Gibson, Alan Ladd, Jr. and Bruce Davey, Producers",1995,8.4,19.06,0,0,0,0,1,0,0,0,0,0,1,0,0,0,0,0,0,0,210000000,72000000,177,0,0,0,1,0,0,0,1,0,0,0,1,0,0,0,0,0,0,0,0,0,1,0,0.0,0.0,1.0,0.0,0.0
Sense and Sensibility,0,"Lindsay Doran, Producer",1995,7.7,9.772,0,0,1,0,0,0,0,0,0,0,0,0,0,0,0,0,0,1,134582776,16000000,136,0,0,0,0,0,0,0,1,0,0,0,0,0,0,0,0,1,0,0,0,0,0,0,0.0,0.0,0.0,0.0,0.0
The English Patient,1,"Saul Zaentz, Producer",1996,7.4,19.982,0,0,0,0,1,0,0,0,0,0,0,0,0,0,0,0,1,0,231976425,27000000,162,0,0,0,0,0,0,0,1,0,0,0,0,0,0,0,0,1,0,0,0,0,1,0,0.0,0.0,1.0,0.0,1.0
Fargo,0,"Ethan Coen, Producer",1996,8.1,12.407,0,0,0,0,1,0,0,0,1,0,0,0,0,0,0,0,0,0,60611975,7000000,98,0,0,0,0,0,1,0,1,0,0,0,0,0,0,0,0,0,0,0,0,1,0,0,0.0,1.0,0.0,0.0,0.0
Jerry Maguire,0,"James L. Brooks, Laurence Mark, Richard Sakai and Cameron Crowe, Producers",1996,7.3,10.312999999999999,0,0,0,0,1,0,0,0,0,0,0,0,0,0,0,0,0,1,273552592,50000000,139,0,0,0,0,1,0,0,1,0,0,0,0,0,0,0,0,1,0,0,1,0,0,0,0.0,0.0,0.0,1.0,0.0
Secrets & Lies,0,"Simon Channing-Williams, Producer",1996,5.2,6.641,0,0,0,0,0,0,0,0,0,0,1,0,0,0,0,0,0,0,13417292,4500000,142,0,0,0,0,0,0,0,1,0,0,0,0,0,0,0,0,1,0,1,0,0,0,0,0.0,0.0,0.0,0.0,0.0
Shine,0,"Jane Scott, Producer",1996,7.7,6.485,0,0,0,1,0,0,0,0,0,0,0,0,0,1,0,0,0,0,35892330,5500000,105,0,0,0,1,0,0,0,1,0,0,0,0,0,1,0,0,0,0,0,0,0,0,0,1.0,0.0,0.0,0.0,0.0
As Good as It Gets,0,"James L. Brooks, Bridget Johnson and Kristi Zea, Producers",1997,7.7,13.432,0,0,0,1,0,0,0,0,0,0,0,0,0,0,0,0,0,1,314178011,50000000,139,0,0,0,0,1,0,0,1,0,0,0,0,0,0,0,0,1,0,0,0,0,0,0,1.0,1.0,0.0,0.0,0.0
The Full Monty,0,"Uberto Pasolini, Producer",1997,7.2,9.346,0,0,0,0,1,0,0,0,0,0,0,0,0,1,0,0,0,0,257850122,3500000,91,0,0,0,0,1,0,0,1,0,0,0,0,0,0,0,0,0,0,0,0,0,0,0,0.0,0.0,0.0,0.0,0.0
Good Will Hunting,0,"Lawrence Bender, Producer",1997,8.3,16.039,0,0,0,0,1,0,0,0,0,0,0,0,0,0,0,0,0,1,225933435,10000000,127,0,0,0,0,0,0,0,1,0,0,0,0,0,0,0,0,1,0,0,0,0,0,0,0.0,0.0,0.0,1.0,0.0
L.A. Confidential,0,"Arnon Milchan, Curtis Hanson and Michael Nathanson, Producers",1997,8.3,12.892000000000001,0,0,0,0,1,0,0,0,0,0,0,0,0,0,1,0,0,0,126216940,35000000,138,0,0,0,0,0,1,0,1,0,0,0,0,0,0,0,1,0,0,0,0,1,0,0,0.0,0.0,0.0,0.0,1.0
Titanic,1,"James Cameron and Jon Landau, Producers",1997,7.8,26.375,0,0,0,1,0,0,0,0,0,0,0,0,0,0,0,0,1,0,1845034188,200000000,194,0,0,0,0,0,0,0,1,0,0,0,0,0,0,0,0,1,0,0,0,0,0,0,0.0,0.0,1.0,0.0,0.0
Elizabeth,0,"Alison Owen, Eric Fellner and Tim Bevan, Producers",1998,7.5,8.856,0,0,0,0,1,0,0,0,0,0,0,0,0,0,1,0,0,0,82150642,30000000,124,0,0,0,1,0,0,0,1,0,0,0,1,0,0,0,0,0,0,0,0,0,0,0,0.0,0.0,0.0,0.0,0.0
Life Is Beautiful,0,"Elda Ferri and Gianluigi Braschi, Producers",1998,8.6,16.758,0,0,0,1,0,0,0,0,0,0,0,0,0,0,0,0,0,1,229400000,20000000,116,0,0,0,0,1,0,0,1,0,0,0,0,0,0,0,0,1,0,0,0,0,1,0,1.0,0.0,0.0,0.0,0.0
Saving Private Ryan,0,"Steven Spielberg, Ian Bryce, Mark Gordon and Gary Levinsohn, Producers",1998,8.6,22.764,0,0,0,0,1,0,0,0,0,0,0,0,1,0,0,0,0,0,481840909,70000000,169,0,0,0,0,0,0,0,1,0,0,0,0,0,0,0,0,0,0,0,0,0,1,0,0.0,0.0,1.0,0.0,0.0
Shakespeare in Love,1,"David Parfitt, Donna Gigliotti, Harvey Weinstein, Edward Zwick and Marc Norman, Producers",1998,7.1,17.22,0,0,0,0,1,0,0,0,0,0,0,0,0,0,0,0,0,1,289317794,25000000,122,0,0,0,0,1,0,0,1,0,0,0,1,0,0,0,0,1,0,0,0,0,0,0,0.0,1.0,0.0,0.0,1.0
The Thin Red Line,0,"Robert Michael Geisler, John Roberdeau and Grant Hill, Producers",1998,7.6,14.179,0,0,0,0,1,0,0,0,0,0,0,0,0,0,0,0,0,1,98126565,52000000,170,0,0,0,0,0,0,0,1,0,0,0,0,0,0,0,0,0,0,0,0,0,1,0,0.0,0.0,0.0,0.0,0.0
American Beauty,1,"Bruce Cohen and Dan Jinks, Producers",1999,8.4,25.57,0,0,0,0,1,0,0,0,0,0,0,0,0,0,1,0,0,0,356296601,15000000,122,0,0,0,0,0,0,0,1,0,0,0,0,0,0,0,0,0,0,0,0,0,0,0,1.0,0.0,1.0,0.0,0.0
The Cider House Rules,0,"Richard N. Gladstein, Producer",1999,7.4,7.635,0,0,0,1,0,0,0,0,0,0,0,0,0,0,0,0,0,1,88545092,24000000,126,0,0,0,0,0,0,0,1,0,0,0,0,0,0,0,0,1,0,0,0,0,0,0,0.0,0.0,0.0,1.0,0.0
The Green Mile,0,"David Valdes and Frank Darabont, Producers",1999,8.5,23.355999999999998,0,0,0,0,1,0,0,0,0,0,0,0,0,0,0,0,0,1,284600000,60000000,189,0,0,0,0,0,1,0,1,0,1,0,0,0,0,0,1,0,0,0,0,0,0,0,0.0,0.0,0.0,0.0,0.0
The Insider,0,"Michael Mann and Pieter Jan Brugge, Producers",1999,7.9,15.512,0,0,0,0,1,0,0,0,0,0,0,0,0,0,0,1,0,0,60289912,90000000,157,0,0,0,1,0,0,0,1,0,0,0,0,0,0,0,0,0,0,0,0,1,0,0,0.0,0.0,0.0,0.0,0.0
The Sixth Sense,0,"Frank Marshall, Kathleen Kennedy and Barry Mendel, Producers",1999,8.1,13.968,0,0,0,1,0,0,0,0,0,0,0,0,0,1,0,0,0,0,672806292,40000000,107,0,0,0,0,0,0,0,1,0,0,0,0,0,0,0,1,0,0,0,0,1,0,0,0.0,0.0,0.0,0.0,0.0
Chocolat,0,"David Brown, Kit Golden and Leslie Holleran, Producers",2000,7.3,11.299000000000001,0,0,0,1,0,0,0,0,0,0,0,0,0,0,0,0,0,1,152500343,25000000,121,0,0,0,0,0,0,0,1,0,0,0,0,0,0,0,0,1,0,0,0,0,0,0,0.0,0.0,0.0,0.0,0.0
"Crouching Tiger, Hidden Dragon",0,"Bill Kong, Hsu Li Kong and Ang Lee, Producers",2000,7.9,14.352,0,0,0,1,0,0,0,0,0,0,0,0,1,0,0,0,0,0,213525736,17000000,120,1,1,0,0,0,0,0,0,0,1,0,0,0,0,0,0,1,0,0,0,0,0,0,0.0,0.0,0.0,0.0,0.0
Erin Brockovich,0,"Danny DeVito, Michael Shamberg and Stacey Sher, Producers",2000,7.3,13.213,0,0,0,0,1,0,0,0,1,0,0,0,0,0,0,0,0,0,256271286,52000000,131,0,0,0,1,0,0,0,1,0,0,0,0,0,0,0,0,0,0,0,0,0,0,0,0.0,1.0,0.0,0.0,0.0
Gladiator,1,"Douglas Wick, David Franzoni and Branko Lustig, Producers",2000,8.5,18.719,0,0,0,0,1,0,0,0,0,0,1,0,0,0,0,0,0,0,457640427,103000000,155,1,1,0,0,0,0,0,1,0,0,0,0,0,0,0,0,0,0,0,0,0,0,0,1.0,0.0,0.0,0.0,0.0
Traffic,0,"Edward Zwick, Marshall Herskovitz and Laura Bickford, Producers",2000,7.6,17.675,0,0,0,0,1,0,0,0,0,0,0,0,0,0,0,0,0,1,207515725,48000000,147,0,0,0,0,0,1,0,1,0,0,0,0,0,0,0,0,0,0,0,0,1,0,0,0.0,0.0,1.0,1.0,0.0
A Beautiful Mind,1,"Brian Grazer and Ron Howard, Producers",2001,8.2,18.363,0,0,0,1,0,0,0,0,0,0,0,0,0,0,0,0,0,1,313542341,60000000,135,0,0,0,1,0,0,0,1,0,0,0,0,0,0,0,0,0,0,0,0,0,0,0,0.0,0.0,1.0,0.0,1.0
Gosford Park,0,"Robert Altman, Bob Balaban and David Levy, Producers",2001,7.3,7.727,0,0,0,0,1,0,0,0,0,0,0,0,0,0,0,0,1,0,87754044,19800000,137,0,0,0,0,1,0,0,1,0,0,0,0,0,0,0,1,0,0,0,0,0,0,0,0.0,0.0,0.0,0.0,0.0
In the Bedroom,0,"Graham Leader, Ross Katz and Todd Field, Producers",2001,7.4,5.4479999999999995,0,0,0,0,1,0,0,0,0,0,0,0,0,0,0,0,1,0,0,1700000,130,0,0,0,0,0,1,0,1,0,0,0,0,0,0,0,0,0,0,0,0,0,0,0,0.0,0.0,0.0,0.0,0.0
The Lord of the Rings: The Fellowship of the Ring,0,"Peter Jackson, Fran Walsh and Barrie M. Osborne, Producers",2001,8.8,39.207,0,0,0,1,0,0,0,0,0,0,0,0,0,0,0,0,0,1,871368364,93000000,178,0,1,0,0,0,0,0,1,0,1,0,0,0,0,0,0,0,0,0,0,0,0,0,0.0,0.0,0.0,0.0,0.0
Moulin Rouge 2001,0,"Martin Brown, Baz Luhrmann and Fred Baron, Producers",2001,7.6,1.858,0,0,0,1,0,0,0,0,0,0,0,0,0,0,0,0,0,1,0,1500000,119,0,0,0,0,0,0,0,1,0,0,0,0,0,0,1,0,1,0,0,0,0,0,0,0.0,0.0,0.0,0.0,0.0
Chicago,1,"Martin Richards, Producer",2002,7.2,12.432,0,0,0,1,0,0,0,0,0,0,0,0,0,0,0,0,0,1,306776732,45000000,113,0,0,0,0,1,1,0,0,0,0,0,0,0,0,1,0,0,0,0,0,0,0,0,0.0,0.0,0.0,0.0,1.0
Gangs of New York,0,"Alberto Grimaldi and Harvey Weinstein, Producers",2002,7.5,13.943,0,0,0,0,1,0,0,0,0,0,0,0,0,0,0,0,0,1,193772504,100000000,167,0,0,0,0,0,1,0,1,0,0,0,0,0,0,0,0,0,0,0,0,0,0,0,0.0,0.0,0.0,0.0,0.0
The Hours,0,"Scott Rudin and Robert Fox, Producers",2002,7.6,7.42,0,0,0,1,0,0,0,0,0,0,0,0,0,0,0,0,0,1,41597830,25000000,114,0,0,0,0,0,0,0,1,0,0,0,0,0,0,0,0,1,0,0,0,0,0,0,0.0,1.0,0.0,0.0,0.0
The Lord of the Rings: The Two Towers,0,"Barrie M. Osborne, Fran Walsh and Peter Jackson, Producers",2002,8.7,45.552,0,0,0,1,0,0,0,0,0,0,0,0,0,0,0,0,0,1,926287400,79000000,179,0,1,0,0,0,0,0,1,0,1,0,0,0,0,0,0,0,0,0,0,0,0,0,0.0,0.0,0.0,0.0,0.0
The Pianist,0,"Roman Polanski, Robert Benmussa and Alain Sarde, Producers",2002,8.5,13.812000000000001,0,0,0,0,1,0,0,0,0,0,0,0,0,0,1,0,0,0,120072577,35000000,150,0,0,0,1,0,0,0,1,0,0,0,0,0,1,0,0,0,0,0,0,0,1,0,1.0,0.0,1.0,0.0,0.0
The Lord of the Rings: The Return of the King,1,"Barrie M. Osborne, Peter Jackson and Fran Walsh, Producers",2003,8.9,33.823,0,0,0,1,0,0,0,0,0,0,0,0,0,0,0,0,0,1,1118888979,94000000,201,1,1,0,0,0,0,0,1,0,1,0,0,0,0,0,0,0,0,0,0,0,0,0,0.0,0.0,1.0,0.0,0.0
Lost in Translation,0,"Ross Katz and Sofia Coppola, Producers",2003,7.8,13.957,0,0,0,0,1,0,0,0,0,0,0,0,0,1,0,0,0,0,119723856,4000000,102,0,0,0,0,0,0,0,1,0,0,0,0,0,0,0,0,0,0,0,0,0,0,0,0.0,0.0,0.0,0.0,0.0
Master and Commander: The Far Side of the World,0,"Samuel Goldwyn, Jr., Peter Weir and Duncan Henderson, Producers",2003,7.4,29.105,0,0,0,1,0,0,0,0,0,0,0,0,0,0,0,0,1,0,212011111,150000000,138,1,1,0,0,0,0,0,1,0,0,0,1,0,0,0,0,0,0,0,0,0,1,0,0.0,0.0,0.0,0.0,0.0
Mystic River,0,"Robert Lorenz, Judie G. Hoyt and Clint Eastwood, Producers",2003,8.0,11.124,0,0,0,0,1,0,0,0,0,0,0,0,0,0,0,1,0,0,156822020,25000000,138,0,0,0,0,0,1,0,1,0,0,0,0,0,0,0,1,0,0,0,0,1,0,0,1.0,0.0,0.0,1.0,0.0
Seabiscuit,0,"Kathleen Kennedy, Frank Marshall and Gary Ross, Producers",2003,7.3,6.5089999999999995,0,0,0,1,0,0,0,0,0,0,0,0,1,0,0,0,0,0,148336445,87000000,141,0,0,0,0,0,0,0,1,0,0,0,1,0,0,0,0,0,0,0,1,0,0,0,0.0,0.0,0.0,0.0,0.0
The Aviator,0,"Michael Mann and Graham King, Producers",2004,7.5,12.216,0,0,0,1,0,0,0,0,0,0,0,0,0,0,0,0,0,1,102000000,116000000,170,0,0,0,1,0,0,0,1,0,0,0,1,0,0,0,0,0,0,0,0,0,0,0,0.0,0.0,0.0,0.0,1.0
Finding Neverland,0,"Richard N. Gladstein and Nellie Bellflower, Producers",2004,7.7,14.345999999999998,0,0,1,0,0,0,0,0,0,0,0,0,0,0,0,1,0,0,116766556,25000000,106,0,0,0,1,0,0,0,1,1,0,0,0,0,0,0,0,0,0,0,0,0,0,0,0.0,0.0,0.0,0.0,0.0
Million Dollar Baby,1,"Clint Eastwood, Albert S. Ruddy and Tom Rosenberg, Producers",2004,8.1,15.944,0,0,0,1,0,0,0,0,0,0,0,0,0,0,0,0,0,1,216763646,30000000,132,0,0,0,0,0,0,0,1,0,0,0,0,0,0,0,0,0,0,0,1,0,0,0,0.0,1.0,1.0,1.0,0.0
Ray,0,"Taylor Hackford, Stuart Benjamin and Howard Baldwin, Producers",2004,7.7,11.437999999999999,0,0,0,1,0,0,0,0,0,0,0,0,0,0,0,1,0,0,124731534,40000000,152,0,0,0,1,0,0,0,1,0,0,0,0,0,1,0,0,0,0,0,0,0,0,0,1.0,0.0,0.0,0.0,0.0
Sideways,0,"Michael London, Producer",2004,7.5,8.645,0,0,0,0,1,0,0,0,0,0,0,0,0,0,0,1,0,0,109502303,16000000,127,0,0,0,0,1,0,0,1,0,0,0,0,0,0,0,0,1,0,0,0,0,0,0,0.0,0.0,0.0,0.0,0.0
Brokeback Mountain,0,"Diana Ossana and James Schamus, Producers",2005,7.7,13.88,0,0,0,0,1,0,0,0,0,0,0,0,0,0,1,0,0,0,178043761,14000000,134,0,0,0,0,0,0,0,1,0,0,0,0,0,0,0,0,1,0,0,0,0,0,0,0.0,0.0,1.0,0.0,0.0
Capote,0,"Caroline Baron, William Vince and Michael Ohoven, Producers",2005,7.4,6.428,0,0,0,0,1,0,0,0,0,0,0,0,0,0,1,0,0,0,49084830,7000000,114,0,0,0,1,0,1,0,1,0,0,0,1,0,0,0,0,0,0,0,0,0,0,0,1.0,0.0,0.0,0.0,0.0
Crash,1,"Paul Haggis and Cathy Schulman, Producers",2005,7.8,15.352,0,0,0,0,1,0,0,0,0,0,1,0,0,0,0,0,0,0,98410061,6500000,112,0,0,0,0,0,1,0,1,0,0,0,0,0,0,0,0,0,0,0,0,1,0,0,0.0,0.0,0.0,0.0,0.0
"Good Night, and Good Luck.",0,"Grant Heslov, Producer",2005,7.5,6.332999999999999,0,0,1,0,0,0,0,0,0,0,0,0,0,0,1,0,0,0,54600000,7000000,93,0,0,0,1,0,0,0,1,0,0,0,1,0,0,0,0,0,0,0,0,0,0,0,0.0,0.0,0.0,0.0,0.0
Munich,0,"Kathleen Kennedy, Steven Spielberg and Barry Mendel, Producers",2005,7.6,11.591,0,0,0,0,1,0,0,0,0,0,0,0,0,0,0,0,0,1,130358911,70000000,164,0,0,0,0,0,0,0,1,0,0,0,1,0,0,0,0,0,0,0,0,1,0,0,0.0,0.0,0.0,0.0,0.0
Babel,0,"Alejandro Gonzlez Irritu, Jon Kilik and Steve Golin, Producers",2006,7.5,12.632,0,0,0,0,1,0,0,0,0,0,0,0,0,0,1,0,0,0,135330182,25000000,143,0,0,0,0,0,0,0,1,0,0,0,0,0,0,0,0,0,0,0,0,0,0,0,0.0,0.0,0.0,0.0,0.0
The Departed,1,"Graham King, Producer",2006,8.5,22.673000000000002,0,0,0,0,1,0,0,0,0,0,0,0,0,0,0,1,0,0,289847354,90000000,151,0,0,0,0,0,1,0,1,0,0,0,0,0,0,0,0,0,0,0,0,1,0,0,0.0,0.0,1.0,0.0,0.0
Letters from Iwo Jima,0,"Clint Eastwood, Steven Spielberg and Robert Lorenz, Producers",2006,7.9,15.302,0,0,0,0,1,0,0,0,0,0,0,0,0,0,0,0,0,1,68673228,19000000,141,0,0,0,0,0,0,0,1,0,0,0,1,0,0,0,0,0,0,0,0,0,1,0,0.0,0.0,0.0,0.0,0.0
Little Miss Sunshine,0,"David T. Friendly, Peter Saraf and Marc Turtletaub, Producers",2006,7.8,9.488999999999999,0,0,0,0,1,0,0,0,0,0,0,0,1,0,0,0,0,0,100523181,8000000,102,0,0,0,0,1,0,0,1,0,0,0,0,0,0,0,0,0,0,0,0,0,0,0,0.0,0.0,0.0,1.0,0.0
The Queen,0,"Andy Harries, Christine Langan and Tracey Seaward, Producers",2006,7.3,7.689,0,0,0,1,0,0,0,0,0,0,0,0,0,0,1,0,0,0,123384128,15000000,103,0,0,0,1,0,0,0,1,0,0,0,1,0,0,0,0,0,0,0,0,0,0,0,0.0,1.0,0.0,0.0,0.0
Atonement,0,"Tim Bevan, Eric Fellner and Paul Webster, Producers",2007,7.8,10.515999999999998,0,0,0,0,1,0,0,0,0,0,0,0,0,1,0,0,0,0,129266061,30000000,123,0,0,0,0,0,0,0,1,0,0,0,0,0,0,0,1,1,0,0,0,0,1,0,0.0,0.0,0.0,0.0,0.0
Juno,0,"Lianne Halfon, Mason Novick and Russell Smith, Producers",2007,7.5,13.332,0,0,0,1,0,0,0,0,0,0,0,0,0,0,0,0,0,1,231411584,7500000,96,0,0,0,0,1,0,0,1,0,0,0,0,0,0,0,0,0,0,0,0,0,0,0,0.0,0.0,0.0,0.0,0.0
Michael Clayton,0,"Sydney Pollack, Jennifer Fox and Kerry Orent, Producers",2007,7.3,11.654000000000002,0,0,0,0,1,0,0,0,0,0,0,0,0,0,1,0,0,0,92991835,25000000,119,0,0,0,0,0,1,0,1,0,0,0,0,0,0,0,1,0,0,0,0,0,0,0,0.0,0.0,0.0,0.0,1.0
No Country for Old Men,1,"Scott Rudin, Ethan Coen and Joel Coen, Producers",2007,8.1,21.572,0,0,0,0,1,0,0,0,0,0,0,0,0,0,0,0,1,0,171627166,25000000,122,0,0,0,0,0,1,0,1,0,0,0,0,0,0,0,0,0,0,0,0,1,0,0,0.0,0.0,1.0,1.0,0.0
There Will Be Blood,0,"JoAnne Sellar, Paul Thomas Anderson and Daniel Lupi, Producers",2007,8.1,14.186,0,0,0,0,1,0,0,0,0,0,0,0,0,0,0,0,0,1,77208711,25000000,158,0,0,0,0,0,0,0,1,0,0,0,0,0,0,0,0,0,0,0,0,0,0,0,1.0,0.0,0.0,0.0,0.0
The Curious Case of Benjamin Button,0,"Kathleen Kennedy, Frank Marshall and Cen Chaffin, Producers",2008,7.8,17.426,0,0,0,1,0,0,0,0,0,0,0,0,0,0,0,0,0,1,333932083,150000000,166,0,0,0,0,0,0,0,1,0,1,0,0,0,0,0,0,1,0,0,0,0,0,0,0.0,0.0,0.0,0.0,0.0
Frost/Nixon,0,"Brian Grazer, Ron Howard and Eric Fellner, Producers",2008,7.7,8.238999999999999,0,0,0,0,1,0,0,0,0,0,0,0,0,0,0,1,0,0,18593156,25000000,122,0,0,0,1,0,0,0,1,0,0,0,1,0,0,0,0,0,0,0,0,0,0,0,0.0,0.0,0.0,0.0,0.0
Milk,0,"Dan Jinks and Bruce Cohen, Producers",2008,7.6,14.454,0,0,0,0,1,0,0,0,0,0,0,0,0,0,0,0,1,0,54586584,20000000,128,0,0,0,1,0,0,0,1,0,0,0,0,0,0,0,0,0,0,0,0,0,0,0,1.0,0.0,0.0,0.0,0.0
The Reader,0,"Anthony Minghella, Sydney Pollack, Donna Gigliotti and Redmond Morris, Producers",2008,7.6,11.588,0,0,0,0,1,0,0,0,0,0,0,0,0,0,0,0,0,1,113019290,32000000,124,0,0,0,0,0,0,0,1,0,0,0,0,0,0,0,0,1,0,0,0,0,0,0,0.0,1.0,0.0,0.0,0.0
Slumdog Millionaire,1,"Christian Colson, Producer",2008,8.0,13.115,0,0,0,0,1,0,0,0,0,0,1,0,0,0,0,0,0,0,377910544,15000000,120,0,0,0,0,0,0,0,1,0,0,0,0,0,0,0,0,1,0,0,0,0,0,0,0.0,0.0,1.0,0.0,0.0
Avatar,0,"James Cameron and Jon Landau, Producers",2009,7.8,33.738,0,0,0,1,0,0,0,0,0,0,0,0,0,0,0,0,0,1,2787965087,237000000,162,1,1,0,0,0,0,0,0,0,1,0,0,0,0,0,0,0,1,0,0,0,0,0,0.0,0.0,0.0,0.0,0.0
The Blind Side,0,"Gil Netter, Andrew A. Kosove and Broderick Johnson, Producers",2009,7.7,11.235999999999999,0,0,0,1,0,0,0,0,0,0,0,0,0,0,0,0,1,0,309208309,29000000,129,0,0,0,1,0,0,0,1,0,0,0,0,0,0,0,0,0,0,0,1,0,0,0,0.0,1.0,0.0,0.0,0.0
District 9,0,"Peter Jackson and Carolynne Cunningham, Producers",2009,7.9,15.384,0,0,0,0,1,0,0,0,0,0,0,0,0,1,0,0,0,0,210819611,30000000,112,0,0,0,0,0,0,0,0,0,0,0,0,0,0,0,0,0,1,0,0,1,0,0,0.0,0.0,0.0,0.0,0.0
An Education,0,"Finola Dwyer and Amanda Posey, Producers",2009,7.3,14.13,0,0,0,1,0,0,0,0,0,0,0,0,0,0,0,1,0,0,26096852,7500000,100,0,0,0,0,0,0,0,1,0,0,0,0,0,0,0,0,0,0,0,0,0,0,0,0.0,0.0,0.0,0.0,0.0
The Hurt Locker,1,"Kathryn Bigelow, Mark Boal, Nicolas Chartier and Greg Shapiro, Producers",2009,7.6,15.7,0,0,0,0,1,0,0,0,0,0,0,0,0,0,0,1,0,0,42000000,15000000,131,0,0,0,0,0,0,0,1,0,0,0,0,0,0,0,0,0,0,0,0,1,1,0,0.0,0.0,1.0,0.0,0.0
Inglourious Basterds,0,"Lawrence Bender, Producer",2009,8.3,23.525,0,0,0,0,1,0,0,0,0,0,0,0,0,1,0,0,0,0,319131050,70000000,153,0,1,0,0,0,0,0,1,0,0,0,0,0,0,0,0,0,0,0,0,0,1,0,0.0,0.0,0.0,1.0,0.0
A Serious Man,0,"Joel Coen and Ethan Coen, Producers",2009,7.0,9.32,0,0,0,0,1,0,0,0,0,0,0,0,0,0,0,1,0,0,31430334,7000000,105,0,0,0,0,1,0,0,1,0,0,0,0,0,0,0,0,0,0,0,0,0,0,0,0.0,0.0,0.0,0.0,0.0
Up,0,"Jonas Rivera, Producer",2009,8.3,26.798000000000002,0,0,1,0,0,0,0,0,0,0,1,0,0,0,0,0,0,0,735099082,175000000,96,0,1,1,0,1,0,0,0,1,0,0,0,0,0,0,0,0,0,0,0,0,0,0,0.0,0.0,0.0,0.0,0.0
Up in the Air,0,"Daniel Dubiecki, Ivan Reitman and Jason Reitman, Producers",2009,7.4,12.695,0,0,0,0,1,0,0,0,0,0,0,0,0,0,1,0,0,0,163670000,25000000,110,0,0,0,0,0,0,0,1,0,0,0,0,0,0,0,0,1,0,0,0,0,0,0,0.0,0.0,0.0,0.0,0.0
Black Swan,0,"Mike Medavoy, Brian Oliver and Scott Franklin, Producers",2010,8.0,17.403,0,0,0,0,1,0,0,0,0,0,0,0,0,0,0,0,0,1,327803731,13000000,108,0,0,0,0,0,0,0,1,0,0,0,0,0,0,0,0,0,0,0,0,1,0,0,0.0,1.0,0.0,0.0,0.0
The Fighter,0,"David Hoberman, Todd Lieberman and Mark Wahlberg, Producers",2010,7.8,11.394,0,0,0,0,1,0,0,0,0,0,0,0,0,0,0,0,0,1,93617009,25000000,116,0,0,0,1,0,0,0,1,0,0,0,0,0,0,0,0,0,0,0,1,0,0,0,0.0,0.0,0.0,1.0,1.0
Inception,0,"Emma Thomas and Christopher Nolan, Producers",2010,8.8,35.172,0,0,0,1,0,0,0,0,0,0,0,0,1,0,0,0,0,0,825532764,160000000,148,1,1,0,0,0,0,0,0,0,0,0,0,0,0,0,0,0,1,0,0,1,0,0,0.0,0.0,0.0,0.0,0.0
The Kids Are All Right,0,"Gary Gilbert, Jeffrey Levy-Hinte and Celine Rattray, Producers",2010,7.0,7.824,0,0,0,0,1,0,0,0,0,0,0,0,1,0,0,0,0,0,34705850,3500000,106,0,0,0,0,1,0,0,1,0,0,0,0,0,0,0,0,1,0,0,0,0,0,0,0.0,0.0,0.0,0.0,0.0
The King's Speech,1,"Iain Canning, Emile Sherman and Gareth Unwin, Producers",2010,8.0,12.615,0,0,0,0,1,0,0,0,0,0,0,0,0,0,1,0,0,0,414211549,15000000,118,0,0,0,1,0,0,0,1,0,0,0,1,0,0,0,0,0,0,0,0,0,0,0,1.0,0.0,1.0,0.0,0.0
127 Hours,0,"Christian Colson, Danny Boyle and John Smithson, Producers",2010,7.6,10.83,0,0,0,0,1,0,0,0,0,0,0,0,0,0,0,0,1,0,35692920,18000000,94,0,1,0,1,0,0,0,1,0,0,0,0,0,0,0,0,0,0,0,0,1,0,0,0.0,0.0,0.0,0.0,0.0
The Social Network,0,"Scott Rudin, Dana Brunetti, Michael De Luca and Cen Chaffin, Producers",2010,7.7,17.273,0,0,0,1,0,0,0,0,0,0,0,0,0,0,0,1,0,0,224920315,40000000,121,0,0,0,1,0,0,0,1,0,0,0,0,0,0,0,0,0,0,0,0,0,0,0,0.0,0.0,0.0,0.0,0.0
Toy Story 3,0,"Darla K. Anderson, Producer",2010,8.3,18.352999999999998,0,1,0,0,0,0,0,0,0,0,0,1,0,0,0,0,0,0,1066969703,200000000,103,0,1,1,0,1,0,0,0,1,1,0,0,0,0,0,0,0,0,0,0,0,0,0,0.0,0.0,0.0,0.0,0.0
True Grit,0,"Scott Rudin, Ethan Coen and Joel Coen, Producers",2010,7.6,13.034,0,0,0,1,0,0,0,0,0,0,0,0,0,0,0,0,0,1,252276927,38000000,110,0,1,0,0,0,0,0,1,0,0,0,0,0,0,0,0,0,0,0,0,0,0,1,1.0,0.0,0.0,0.0,0.0
Winter's Bone,0,"Anne Rosellini and Alix Madigan-Yorkin, Producers",2010,7.2,9.68,0,0,0,0,1,0,0,0,0,0,0,1,0,0,0,0,0,0,13831503,2000000,101,0,0,0,0,0,0,0,1,0,0,0,0,0,0,0,1,0,0,0,0,0,0,0,0.0,0.0,0.0,0.0,0.0
The Artist,1,"Thomas Langmann, Producer",2011,7.9,6.431,0,0,0,1,0,0,0,0,0,0,0,1,0,0,0,0,0,0,133432856,15000000,100,0,0,0,0,1,0,0,1,0,0,0,0,0,0,0,0,1,0,0,0,0,0,0,1.0,0.0,1.0,0.0,0.0
The Descendants,0,"Jim Burke, Alexander Payne and Jim Taylor, Producers",2011,7.3,11.279000000000002,0,0,0,0,1,0,0,0,0,0,0,0,0,0,1,0,0,0,177243185,20000000,115,0,0,0,0,1,0,0,1,0,0,0,0,0,0,0,0,0,0,0,0,0,0,0,0.0,0.0,0.0,0.0,0.0
Extremely Loud & Incredibly Close,0,"Scott Rudin, Producer",2011,6.9,8.101,0,0,0,1,0,0,0,0,0,0,0,0,0,0,0,0,0,1,55247881,40000000,129,0,1,0,0,0,0,0,1,0,0,0,0,0,0,0,1,0,0,0,0,0,0,0,0.0,0.0,0.0,0.0,0.0
The Help,0,"Brunson Green, Chris Columbus and Michael Barnathan, Producers",2011,8.1,12.081,0,0,0,1,0,0,0,0,0,0,0,0,0,1,0,0,0,0,124272124,25000000,146,0,0,0,0,0,0,0,1,0,0,0,0,0,0,0,0,0,0,0,0,0,0,0,0.0,0.0,0.0,0.0,1.0
Hugo,0,"Graham King and Martin Scorsese, Producers",2011,7.5,11.905999999999999,0,0,1,0,0,0,0,0,0,0,0,0,0,0,0,0,1,0,185770160,170000000,126,0,1,0,0,0,0,0,1,1,1,0,0,0,0,0,1,1,0,0,0,0,0,0,0.0,0.0,0.0,0.0,0.0
Midnight in Paris,0,"Letty Aronson and Stephen Tenenbaum, Producers",2011,7.7,11.644,0,0,0,1,0,0,0,0,0,0,1,0,0,0,0,0,0,0,151119219,30000000,94,0,0,0,0,1,0,0,0,0,1,0,0,0,0,0,0,1,0,0,0,0,0,0,0.0,0.0,0.0,0.0,0.0
Moneyball,0,"Michael De Luca, Rachael Horovitz and Brad Pitt, Producers",2011,7.6,14.0,0,0,0,1,0,0,0,0,0,0,0,0,0,0,1,0,0,0,110206216,50000000,134,0,0,0,1,0,0,0,1,0,0,0,0,0,0,0,0,0,0,0,1,0,0,0,0.0,0.0,0.0,0.0,0.0
The Tree of Life,0,"Sarah Green, Bill Pohlad, Dede Gardner and Grant Hill, Producers",2011,6.8,14.140999999999998,0,0,0,1,0,0,0,0,0,0,1,0,0,0,0,0,0,0,54674226,32000000,139,0,0,0,0,0,0,0,1,0,1,0,0,0,0,0,0,0,0,0,0,0,0,0,0.0,0.0,0.0,0.0,0.0
War Horse,0,"Steven Spielberg and Kathleen Kennedy, Producers",2011,7.2,12.439,0,0,0,1,0,0,0,0,0,0,0,0,0,0,0,0,0,1,177584879,66000000,146,0,0,0,0,0,0,0,1,0,0,0,1,0,0,0,0,0,0,0,0,0,1,0,0.0,0.0,0.0,0.0,0.0
Amour,0,"Margaret Menegoz, Stefan Arndt, Veit Heiduschka and Michael Katz, Producers",2012,7.9,8.368,0,0,0,1,0,0,0,0,0,0,0,0,1,0,0,0,0,0,29844753,8900000,127,0,0,0,0,0,0,0,1,0,0,0,0,0,0,0,0,1,0,0,0,0,0,0,0.0,0.0,0.0,0.0,0.0
Argo,1,"Grant Heslov, Ben Affleck and George Clooney, Producers",2012,7.7,13.35,0,0,0,0,1,0,0,0,0,0,0,0,0,0,0,1,0,0,232324128,44500000,120,0,0,0,1,0,0,0,1,0,0,0,0,0,0,0,0,0,0,0,0,1,0,0,0.0,0.0,0.0,0.0,0.0
Beasts of the Southern Wild,0,"Dan Janvey, Josh Penn and Michael Gottwald, Producers",2012,7.3,6.877000000000001,0,0,0,1,0,0,0,0,0,0,0,1,0,0,0,0,0,0,21107746,1800000,93,0,1,0,0,0,0,0,1,0,1,0,0,0,0,0,0,0,0,0,0,0,0,0,0.0,0.0,0.0,0.0,0.0
Django Unchained,0,"Stacey Sher, Reginald Hudlin and Pilar Savone, Producers",2012,8.4,21.311,0,0,0,0,1,0,0,0,0,0,0,0,0,0,0,0,0,1,425368238,100000000,165,0,0,0,0,0,0,0,1,0,0,0,0,0,0,0,0,0,0,0,0,0,0,1,0.0,0.0,0.0,1.0,0.0
Les Misrables,0,"Tim Bevan, Eric Fellner, Debra Hayward and Cameron Mackintosh, Producers",2012,7.6,14.299000000000001,0,0,0,1,0,0,0,0,0,0,0,0,0,0,0,0,0,1,441809770,61000000,157,0,0,0,0,0,0,0,1,0,0,0,1,0,0,1,0,1,0,0,0,0,1,0,0.0,0.0,0.0,0.0,1.0
Life of Pi,0,"Gil Netter, Ang Lee and David Womark, Producers",2012,7.9,16.349,0,0,1,0,0,0,0,0,0,0,0,0,0,0,0,0,1,0,609016565,120000000,127,0,1,0,0,0,0,0,1,0,1,0,0,0,0,0,0,0,0,0,0,0,0,0,0.0,0.0,1.0,0.0,0.0
Lincoln,0,"Steven Spielberg and Kathleen Kennedy, Producers",2012,7.4,13.719000000000001,0,0,0,1,0,0,0,0,0,0,0,0,0,0,0,0,1,0,275293450,65000000,149,0,0,0,1,0,0,0,1,0,0,0,1,0,0,0,0,0,0,0,0,0,1,0,1.0,0.0,0.0,0.0,0.0
Silver Linings Playbook,0,"Donna Gigliotti, Bruce Cohen and Jonathan Gordon, Producers",2012,7.7,13.231,0,0,0,0,1,0,0,0,0,0,0,0,0,0,1,0,0,0,236412453,21000000,122,0,0,0,0,1,0,0,1,0,0,0,0,0,0,0,0,1,0,0,0,0,0,0,0.0,1.0,0.0,0.0,0.0
Zero Dark Thirty,0,"Mark Boal, Kathryn Bigelow and Megan Ellison, Producers",2012,7.4,11.084000000000001,0,0,0,0,1,0,0,0,0,0,0,0,0,0,0,0,0,1,132820716,40000000,157,0,0,0,0,0,0,0,1,0,0,0,0,0,0,0,0,0,0,0,0,1,0,0,0.0,0.0,0.0,0.0,0.0
American Hustle,0,"Charles Roven, Richard Suckle, Megan Ellison and Jonathan Gordon, Producers",2013,7.3,9.527000000000001,0,0,0,0,1,0,0,0,0,0,0,0,0,0,0,0,0,1,251171807,40000000,138,0,0,0,0,0,1,0,1,0,0,0,0,0,0,0,0,0,0,0,0,0,0,0,0.0,0.0,0.0,0.0,0.0
Captain Phillips,0,"Scott Rudin, Dana Brunetti and Michael De Luca, Producers",2013,7.8,10.964,0,0,0,1,0,0,0,0,0,0,0,0,0,0,0,1,0,0,95000000,55000000,134,0,0,0,1,0,0,0,1,0,0,0,0,0,0,0,0,0,0,0,0,1,0,0,0.0,0.0,0.0,0.0,0.0
Dallas Buyers Club,0,"Robbie Brenner and Rachel Winter, Producers",2013,8.0,12.823,0,0,0,0,1,0,0,0,0,0,0,0,0,0,0,0,1,0,55198285,5000000,117,0,0,0,1,0,0,0,1,0,0,0,0,0,0,0,0,0,0,0,0,0,0,0,1.0,0.0,0.0,1.0,0.0
Gravity,0,"Alfonso Cuarn and David Heyman, Producers",2013,7.7,21.296999999999997,0,0,0,1,0,0,0,0,0,0,0,0,0,0,0,1,0,0,716392705,105000000,91,0,0,0,0,0,0,0,1,0,0,0,0,0,0,0,0,0,1,0,0,1,0,0,0.0,0.0,1.0,0.0,0.0
Her,0,"Megan Ellison, Spike Jonze and Vincent Landay, Producers",2013,8.0,16.093,0,0,0,0,1,0,0,0,0,0,0,0,0,0,0,0,0,1,47351251,23000000,126,0,0,0,0,0,0,0,1,0,0,0,0,0,0,0,0,1,1,0,0,0,0,0,0.0,0.0,0.0,0.0,0.0
Nebraska,0,"Albert Berger and Ron Yerxa, Producers",2013,7.7,7.329,0,0,0,0,1,0,0,0,0,0,0,0,0,0,1,0,0,0,17654912,12000000,115,0,1,0,0,1,0,0,1,0,0,0,0,0,0,0,0,0,0,0,0,0,0,0,0.0,0.0,0.0,0.0,0.0
Philomena,0,"Gabrielle Tana, Steve Coogan and Tracey Seaward, Producers",2013,7.6,7.691,0,0,0,1,0,0,0,0,0,0,0,0,0,0,0,0,1,0,100129872,12000000,98,0,0,0,1,0,0,0,1,0,0,0,0,0,0,0,0,0,0,0,0,0,0,0,0.0,0.0,0.0,0.0,0.0
12 Years a Slave,1,"Brad Pitt, Dede Gardner, Jeremy Kleiner, Steve McQueen and Anthony Katagas, Producers",2013,8.1,17.342,0,0,0,0,1,0,0,0,0,0,0,0,0,0,0,1,0,0,187000000,20000000,134,0,0,0,1,0,0,0,1,0,0,0,1,0,0,0,0,0,0,0,0,0,0,0,0.0,0.0,0.0,0.0,1.0
The Wolf of Wall Street,0,"Martin Scorsese, Leonardo DiCaprio, Joey McFarland and Emma Tillinger Koskoff, Producers",2013,8.2,23.136,0,0,0,0,1,0,0,0,0,0,0,0,0,0,0,0,0,1,392000694,100000000,180,0,0,0,1,1,1,0,1,0,0,0,0,0,0,0,0,0,0,0,0,0,0,0,0.0,0.0,0.0,0.0,0.0
American Sniper,0,"Clint Eastwood, Robert Lorenz, Andrew Lazar, Bradley Cooper and Peter Morgan, Producers",2014,7.3,12.623,0,0,0,0,1,0,0,0,0,0,0,0,0,0,0,0,0,1,542307423,58800000,133,1,0,0,1,0,0,0,1,0,0,0,1,0,0,0,0,0,0,0,0,1,1,0,0.0,0.0,0.0,0.0,0.0
Birdman or (The Unexpected Virtue of Ignorance),1,"Alejandro G. Irritu, John Lesher and James W. Skotchdopole, Producers",2014,7.7,24.016,0,0,0,0,1,0,0,0,0,0,0,0,0,1,0,0,0,0,103215094,18000000,120,0,0,0,0,1,0,0,1,0,0,0,0,0,0,0,0,0,0,0,0,0,0,0,0.0,0.0,1.0,0.0,0.0
Boyhood,0,"Richard Linklater and Cathleen Sutherland, Producers",2014,7.9,13.919,0,0,0,0,1,0,0,0,0,0,0,1,0,0,0,0,0,0,44349000,4000000,164,0,0,0,0,0,0,0,1,0,0,0,0,0,0,0,0,0,0,0,0,0,0,0,0.0,0.0,0.0,0.0,1.0
The Grand Budapest Hotel,0,"Wes Anderson, Scott Rudin, Steven Rales and Jeremy Dawson, Producers",2014,8.1,19.421,0,0,0,0,1,0,0,1,0,0,0,0,0,0,0,0,0,0,174600318,30000000,99,0,1,0,0,1,0,0,1,0,0,0,0,0,0,0,0,0,0,0,0,0,0,0,0.0,0.0,0.0,0.0,0.0
The Imitation Game,0,"Nora Grossman, Ido Ostrowsky and Teddy Schwarzman, Producers",2014,8.0,34.808,0,0,0,1,0,0,0,0,0,0,0,0,0,0,0,0,1,0,233555708,14000000,113,0,0,0,1,0,0,0,1,0,0,0,0,0,0,0,0,0,0,0,0,1,1,0,0.0,0.0,0.0,0.0,0.0
Selma,0,"Christian Colson, Oprah Winfrey, Dede Gardner and Jeremy Kleiner, Producers",2014,7.5,6.968,0,0,0,1,0,0,0,0,0,0,0,0,0,0,0,0,0,1,66787908,20000000,127,0,0,0,1,0,0,0,1,0,0,0,1,0,0,0,0,0,0,0,0,0,0,0,0.0,0.0,0.0,0.0,0.0
The Theory of Everything,0,"Tim Bevan, Eric Fellner, Lisa Bruce and Anthony McCarten, Producers",2014,7.7,26.253,0,0,0,1,0,0,0,0,0,0,0,0,0,0,0,0,1,0,123726688,15000000,123,0,0,0,1,0,0,0,1,0,0,0,0,0,0,0,0,1,0,0,0,0,0,0,1.0,0.0,0.0,0.0,0.0
Whiplash,0,"Jason Blum, Helen Estabrook and David Lancaster, Producers",2014,8.5,26.129,0,0,0,0,1,0,0,0,0,0,0,0,0,0,0,1,0,0,13092000,3300000,107,0,0,0,0,0,0,0,1,0,0,0,0,0,1,0,0,0,0,0,0,0,0,0,0.0,0.0,0.0,1.0,0.0
The Big Short,0,"Brad Pitt, Dede Gardner and Jeremy Kleiner, Producers",2015,7.8,13.860999999999999,0,0,0,0,1,0,0,0,0,0,0,0,0,0,0,0,0,1,133346506,28000000,131,0,0,0,1,1,0,0,1,0,0,0,1,0,0,0,0,0,0,0,0,0,0,0,0.0,0.0,0.0,0.0,0.0
Bridge of Spies,0,"Steven Spielberg, Marc Platt and Kristie Macosko Krieger, Producers",2015,7.6,17.769000000000002,0,0,0,1,0,0,0,0,0,0,0,0,0,0,0,1,0,0,165478348,40000000,141,0,0,0,0,0,0,0,1,0,0,0,1,0,0,0,0,0,0,0,0,1,0,0,0.0,0.0,0.0,1.0,0.0
Brooklyn,0,"Finola Dwyer and Amanda Posey, Producers",2015,7.5,11.003,0,0,0,1,0,0,0,0,0,0,0,0,0,0,0,1,0,0,62076141,11000000,111,0,0,0,0,0,0,0,1,0,0,0,0,0,0,0,0,1,0,0,0,0,0,0,0.0,0.0,0.0,0.0,0.0
Mad Max: Fury Road,0,"Doug Mitchell and George Miller, Producers",2015,8.1,21.963,0,0,0,0,1,0,0,0,0,0,1,0,0,0,0,0,0,0,378858340,150000000,121,1,1,0,0,0,0,0,0,0,0,0,0,0,0,0,0,0,1,0,0,1,0,0,0.0,0.0,0.0,0.0,0.0
The Martian,0,"Simon Kinberg, Ridley Scott, Michael Schaefer and Mark Huffam, Producers",2015,8.0,27.061999999999998,0,0,0,1,0,0,0,0,0,0,0,0,0,0,1,0,0,0,630161890,108000000,141,0,1,0,0,0,0,0,1,0,0,0,0,0,0,0,0,0,1,0,0,0,0,0,0.0,0.0,0.0,0.0,0.0
The Revenant,0,"Arnon Milchan, Steve Golin, Alejandro G. Irritu, Mary Parent and Keith Redmon, Producers",2015,8.0,18.22,0,0,0,0,1,0,0,0,0,0,0,0,0,0,0,0,0,1,532950503,135000000,156,1,1,0,1,0,0,0,1,0,0,0,0,0,0,0,0,0,0,0,0,0,0,1,1.0,0.0,1.0,0.0,0.0
Room,0,"Ed Guiney, Producer",2015,8.2,13.819,0,0,0,0,1,0,0,0,0,0,0,0,0,0,0,1,0,0,35401758,6000000,117,0,0,0,0,0,0,0,1,0,0,0,0,0,0,0,0,0,0,0,0,1,0,0,0.0,1.0,0.0,0.0,0.0
Spotlight,1,"Michael Sugar, Steve Golin, Nicole Rocklin and Blye Pagon Faust, Producers",2015,8.1,14.796,0,0,0,0,1,0,0,0,0,0,0,0,0,0,0,0,1,0,88346473,20000000,129,0,0,0,0,0,1,0,1,0,0,0,1,0,0,0,0,0,0,0,0,0,0,0,0.0,0.0,0.0,0.0,0.0
